wavelength_nm,selected_x,selected_x_smooth,dispersion_px_per_nm,x_relative,firma_index_float,fwhm_px,fwhm_nm,dispersion_abs_px_per_nm,distinguishable_center
400.0,530.0,526.0965149427996,0.665009834181717,0.0,338.0,77.37368090318637,116.34967924706457,0.665009834181717,True
402.0,529.0,527.426534611163,0.667476666838553,1.330019668363434,339.33001966836343,75.23858663049617,112.72092399402874,0.667476666838553,False
404.0,529.0,528.7664216101538,0.6723171185026047,2.669906667354212,340.6699066673542,83.55513163085163,124.27934576014805,0.6723171185026047,False
406.0,528.0,530.1158030851734,0.6769711428673588,4.019288142373853,342.01928814237385,84.6475595224477,125.03865255454909,0.6769711428673588,False
408.0,530.0,531.4743061816232,0.681438739932787,5.377791238823647,343.37779123882365,82.61391996906741,121.23455143923275,0.681438739932787,False
410.0,531.0,532.8415580449046,1.1449604942231417,6.745043102105001,344.745043102105,83.47419119352759,72.90573920645622,1.1449604942231417,False
411.0,531.0,534.217185820419,1.1476903225344017,8.120670877619432,346.12067087761943,81.95579359135405,71.40932704771278,1.1476903225344017,False
413.0,532.0,535.6008166535677,0.6937229673332865,9.504301710768118,347.5043017107681,83.06864824732719,119.74325798473726,0.6937229673332865,False
415.0,540.0,536.9920776897521,0.6974448552015247,10.895562746952578,348.8955627469526,83.68168404235536,119.98322651355106,0.6974448552015247,False
417.0,532.0,538.3905960743738,0.7009803157704653,12.294081131574217,350.2940811315742,84.49368105012246,120.53645323442971,0.7009803157704653,False
419.0,544.0,539.795998952834,0.7043293490400799,13.699484010034439,351.69948401003444,84.473659974459,119.93488570309742,0.7043293490400799,False
421.0,543.0,541.2079134705341,0.7074919550103971,15.111398527734536,353.11139852773454,84.03549481601192,118.77943518774988,0.7074919550103971,False
423.0,544.0,542.6259667728756,0.7104681336814167,16.529451830076027,354.529451830076,83.64237522397474,117.7285387742402,0.7104681336814167,False
425.0,543.0,544.0497860052598,0.7132578850531104,17.953271062460203,355.9532710624602,83.70184388988946,117.35144559061816,0.7132578850531104,False
427.0,546.0,545.478998313088,0.715861209125535,19.38248337028847,357.38248337028847,84.06241136552916,117.42836501535844,0.715861209125535,False
429.0,547.0,546.9132308417619,0.7182781058986336,20.816715898962343,358.81671589896234,83.90512781412679,116.8142633404558,0.7182781058986336,False
431.0,551.0,548.3521107366826,0.7205085753724347,22.255595793883003,360.255595793883,83.65066891049162,116.09947718839035,0.7205085753724347,False
433.0,552.0,549.7952651432516,0.7225526175469668,23.698750200452082,361.6987502004521,82.76506263079261,114.54537790171771,0.7225526175469668,False
435.0,549.0,551.2423212068704,0.7244102324221444,25.14580626407087,363.14580626407087,82.64425283385845,114.0848777874498,0.7244102324221444,False
437.0,556.0,552.6929060729402,0.7260814200060963,26.59639113014066,364.59639113014066,81.64388378382966,112.44452968255843,0.7260814200060963,False
439.0,553.0,554.1466468868948,0.7738588694426767,28.050131944095256,366.05013194409526,80.90158080296305,104.54306850708753,0.7738588694426767,False
441.0,558.0,555.7883415507109,0.8165277717178299,29.691826607911366,367.69182660791137,81.04501107610253,99.25567002528055,0.8165277717178299,False
443.0,556.0,557.4127579737661,0.7938064487979943,31.316243030966575,369.3162430309666,81.03625971071085,102.08566563476323,0.7938064487979943,False
445.0,560.0,558.9635673459029,0.7449386971508716,32.867052403103344,370.86705240310334,80.07686909755148,107.49457559906249,0.7449386971508716,False
447.0,561.0,560.3925127623696,0.7268205419085234,34.29599781957006,372.29599781957006,80.64411512725962,110.9546448914337,0.7268205419085234,False
449.0,560.0,561.870849513537,0.7393429032680956,35.77433457073744,373.77433457073744,79.83151093597019,107.97629974277608,0.7393429032680956,False
451.0,562.0,563.349884375442,0.7011431563331882,37.253369432642444,375.25336943264244,79.5563651341588,113.46665002083118,0.7011431563331882,False
453.0,564.0,564.6754221388697,0.6187115493695217,38.57890719607019,376.5789071960702,78.90401715776079,127.52956888903306,0.6187115493695217,False
455.0,565.0,565.8247305729201,0.665844932152396,39.72821563012053,377.72821563012053,78.83186040142243,118.39372291472168,0.665844932152396,False
457.0,564.0,567.3388018674793,0.6421527989878086,41.242286924679775,379.2422869246798,78.33391781747764,121.98641497934952,0.6421527989878086,False
459.0,570.0,568.3933417688713,0.610705091845233,42.296826826071765,380.29682682607177,78.32838020382053,128.2589276718701,0.610705091845233,False
461.0,570.0,569.7816222348603,0.6950019634365106,43.68510729206071,381.6851072920607,78.10760983769023,112.38473262935678,0.6950019634365106,False
463.0,572.0,571.1733496226174,0.6926349317160998,45.07683467981781,383.0768346798178,77.84062160876454,112.38333217746255,0.6926349317160998,False
465.0,573.0,572.5521619617247,0.673895021597815,46.455647018925106,384.4556470189251,77.30575377220725,114.71483138265984,0.673895021597815,False
467.0,573.0,573.8689297090086,0.6855774684759695,47.77241476620907,385.77241476620907,76.51493246310872,111.60654482009232,0.6855774684759695,False
469.0,577.0,575.2944718356285,0.69546009860818,49.197956892828984,387.197956892829,76.63483131250848,110.19299520688145,0.69546009860818,False
471.0,576.0,576.6507701034413,0.7022775862821504,50.55425516064179,388.5542551606418,76.33499520504608,108.69632848338885,0.7022775862821504,False
473.0,579.0,578.1035821807571,0.7266678301845957,52.007067237957585,390.0070672379576,75.63770902873705,104.08842374310525,0.7266678301845957,False
475.0,581.0,579.5574414241797,0.7023539421441285,53.46092648138017,391.46092648138017,75.73703694981316,107.833148510002,0.7023539421441285,False
477.0,583.0,580.9129979493337,0.7267550940268563,54.8164830065341,392.8164830065341,74.83525848521606,102.97177013313183,0.7267550940268563,False
479.0,584.0,582.4644618002872,0.7435097517343934,56.367946857487595,394.3679468574876,75.32185779928659,101.30581021107318,0.7435097517343934,False
481.0,584.0,583.8870369562712,0.7504908591125456,57.79052201347167,395.7905220134717,74.54801896407037,99.33234770137412,0.7504908591125456,False
483.0,584.0,585.4664252367373,0.7557812295476083,59.36991029393778,397.3699102939378,73.93833873854464,97.83034540670225,0.7557812295476083,False
485.0,586.0,586.9101618744617,0.7432152362669342,60.813646931662106,398.8136469316621,72.59363895119202,97.67512210301241,0.7432152362669342,False
487.0,588.0,588.4392861818051,0.7700161438108637,62.342771239005515,400.3427712390055,72.58354030583405,94.26236175596662,0.7700161438108637,False
489.0,588.0,589.9902264497051,0.7583227889524267,63.89371150690556,401.89371150690556,72.44992957885859,95.53969712415399,0.7583227889524267,False
491.0,588.0,591.4725773376148,0.7644967057899805,65.37606239481522,403.3760623948152,72.27917923633333,94.54478834103647,0.7644967057899805,False
493.0,591.0,593.048213272865,0.7908831100833424,66.95169833006548,404.9516983300655,71.45271471431204,90.34548064477242,0.7908831100833424,False
495.0,596.0,594.6361097779481,0.7629368646101966,68.53959483514859,406.5395948351486,71.40407491111637,93.59106660496538,0.7629368646101966,False
497.0,594.0,596.0999607313058,0.7172433352241114,70.00344578850627,408.00344578850627,69.17530312276847,96.44607307665508,0.7172433352241114,False
499.0,598.0,597.5050831188446,0.5908834736826982,71.40856817604504,409.40856817604504,69.50672062664319,117.63185758681074,0.5908834736826982,False
505.0,601.0,599.0401849993805,0.6251290777667009,72.94367005658091,410.9436700565809,67.6221285917685,108.17306536651807,0.6251290777667009,False
507.0,601.0,600.5366289978099,0.7712705615428774,74.44011405501033,412.4401140550103,67.68806848207169,87.76176851177365,0.7712705615428774,True
509.0,603.0,602.125267245552,0.7790370435010345,76.02875230275242,414.0287523027524,67.75145032174748,86.9682011747077,0.7790370435010345,False
511.0,604.0,603.652777171814,0.7549194991056254,77.55626222901446,415.55626222901446,67.34425412481824,89.20719918428772,0.7549194991056254,False
513.0,604.0,605.1449452419745,0.7643330860858271,79.04843029917492,417.0484302991749,67.42811986039192,88.21824030370497,0.7643330860858271,False
515.0,607.0,606.7101095161573,0.7546358916183067,80.61359457335777,418.6135945733578,67.12255477944188,88.94694186291412,0.7546358916183067,False
517.0,609.0,608.1634888084477,0.7501854356648039,82.06697386564815,420.06697386564815,67.00283952162067,89.31503643794909,0.7501854356648039,False
519.0,611.0,609.7108512588165,0.761518827174001,83.61433631601699,421.614336316017,66.02308128143966,86.69921074236804,0.761518827174001,False
521.0,611.0,611.2095641171437,0.7405755050395157,85.11304917434416,423.11304917434416,65.834232450998,88.89604368900267,0.7405755050395157,False
523.0,613.0,612.6731532789746,0.7160761813343015,86.57663833617505,424.57663833617505,65.51617138987422,91.4932979167029,0.7160761813343015,False
525.0,614.0,614.0738688424809,0.7076879445002362,87.97735389968136,425.97735389968136,65.32013688648169,92.30076249583462,0.7076879445002362,False
527.0,615.0,615.5039050569756,0.6235110606920671,89.407390114176,427.407390114176,64.72613239274608,103.80911658712711,0.6235110606920671,False
529.0,617.0,616.5679130852492,0.4485252410664273,90.47139814244963,428.47139814244963,63.89206120524284,142.44919874148246,0.4485252410664273,False
533.0,619.0,617.6941838649517,0.47692962171123554,91.59766892215214,429.59766892215214,63.65751741048507,133.47360808095812,0.47692962171123554,False
535.0,620.0,618.8434050351598,0.5764758497316791,92.74689009236022,430.7468900923602,61.88362000456618,107.34815696680084,0.5764758497316791,False
537.0,621.0,620.0000872638784,0.5558052271041731,93.90357232107885,431.90357232107885,61.96082594917334,111.47938689241616,0.5558052271041731,False
539.0,620.0,621.0666259435765,0.5378179676251307,94.97011100077691,432.9701110007769,61.7231187957882,114.7658176396412,0.5378179676251307,False
541.0,621.0,622.1513591343789,0.5786901697282474,96.05484419157938,434.0548441915794,61.41229690328396,106.12293091504067,0.5786901697282474,False
543.0,625.0,623.3813866224895,0.5849404424277509,97.2848716796899,435.2848716796899,61.17386781818311,104.581361419097,0.5849404424277509,False
545.0,625.0,624.4911209040899,0.5766721933766803,98.39460596129038,436.3946059612904,60.21079690054012,104.41078587122135,0.5766721933766803,False
547.0,627.0,625.6880753959962,0.6056983288974607,99.59156045319662,437.5915604531966,60.65491922743058,100.14047642799245,0.6056983288974607,False
549.0,628.0,626.9139142196798,0.5932195994590188,100.81739927688022,438.8173992768802,60.01477295527286,101.16788624314299,0.5932195994590188,False
551.0,627.0,628.0609537938323,0.5797591517954572,101.9644388510327,439.9644388510327,59.77583936010274,103.10460675779386,0.5797591517954572,False
553.0,629.0,629.2329508268616,0.5735088790959821,103.13643588406205,441.13643588406205,59.16143549064225,103.15696521368245,0.5735088790959821,False
555.0,629.0,630.3549893102162,0.5298006021205595,104.25847436741662,442.2584743674166,59.211381185586674,111.76163437449766,0.5298006021205595,False
557.0,630.0,631.3521532353438,0.5058575854095295,105.25563829254429,443.2556382925443,58.95820666135228,116.55099846653718,0.5058575854095295,False
559.0,631.0,632.3784196518543,0.522317727649579,106.28190470905474,444.28190470905474,58.59800142897939,112.18842158138,0.522317727649579,False
561.0,630.0,633.4414241459422,0.5324948732492771,107.3449092031426,445.3449092031426,59.15358491978986,111.08761396862924,0.5324948732492771,False
563.0,632.0,634.5083991448514,0.516078362930358,108.41188420205185,446.41188420205185,58.245739944442334,112.86220103031577,0.516078362930358,False
565.0,634.0,635.5057375976636,0.4914699594223464,109.40922265486404,447.40922265486404,57.61343676821218,117.22677177650624,0.4914699594223464,False
567.0,636.0,636.4742789825408,0.49536410838172173,110.37776403974124,448.37776403974124,57.74831314681933,116.57750767505982,0.49536410838172173,False
569.0,634.0,637.4871940311905,0.4191282342161813,111.39067908839093,449.3906790883909,57.14328221950427,136.338422359851,0.4191282342161813,False
575.0,643.0,638.4300362145318,0.42177887342381837,112.33352127173225,450.33352127173225,55.69846318101952,132.056076514415,0.42177887342381837,False
577.0,643.0,639.4500196344018,0.47078842881455785,113.35350469160221,451.3535046916022,55.25995097782106,117.37746213721789,0.47078842881455785,False
579.0,644.0,640.31318992979,0.45195034687378666,114.21667498699048,452.2166749869905,54.82872459618443,121.31581483550914,0.45195034687378666,False
581.0,643.0,641.2578210218969,0.4640691129630454,115.16130607909736,453.16130607909736,55.046694385058,118.6174490984524,0.4640691129630454,False
583.0,644.0,642.1694663816422,0.4453401108251285,116.07295143884267,454.07295143884267,54.59869868210967,122.60000245868021,0.4453401108251285,False
585.0,645.0,643.0391814651974,0.4301125703565276,116.94266652239787,454.9426665223979,54.686459617676746,127.14452770433148,0.4301125703565276,False
587.0,645.0,643.8899166630683,0.4595532091278187,117.79340172026878,455.7934017202688,53.78330907747852,117.03391034860427,0.4595532091278187,False
589.0,645.0,644.8773943017087,0.49144814346178123,118.78087935890915,456.78087935890915,53.40982016733221,108.67844528033254,0.49144814346178123,False
591.0,645.0,645.8557092369155,0.4952768445395179,119.7591942941159,457.7591942941159,53.92659226987814,108.88171507395268,0.4952768445395179,False
593.0,646.0,646.8585016798668,0.5079519176229894,120.76198673706722,458.7619867370672,53.34701122153899,105.02374215099243,0.5079519176229894,False
595.0,647.0,647.8875169074074,0.490651860901437,121.79100196460786,459.79100196460786,53.22258800221323,108.47322153111058,0.490651860901437,False
597.0,647.0,648.8211091234725,0.4859177974606155,122.72459418067297,460.72459418067297,53.10751464098951,109.29320744892858,0.4859177974606155,False
599.0,648.0,649.8311880972499,0.4776931803307889,123.73467315445032,461.7346731544503,52.9654481510679,110.87754720381572,0.4776931803307889,False
601.0,650.0,650.7318818447957,0.44992146254202225,124.63536690199612,462.6353669019961,53.02031006928337,117.84347821444797,0.44992146254202225,False
603.0,651.0,651.630873947418,0.44737990313714704,125.53435900461841,463.5343590046184,52.7930225128838,118.004903981348,0.44737990313714704,False
605.0,651.0,652.5214014573443,0.4128452375758229,126.42488651454471,464.4248865145447,52.12760269433113,126.26427036053045,0.4128452375758229,False
607.0,652.0,653.2822548977213,0.37492909812820585,127.1857399549217,465.1857399549217,51.84047915364124,138.26742019344294,0.37492909812820585,False
609.0,653.0,654.0211178498571,0.366715388978605,127.92460290705753,465.92460290705753,52.345246314705946,142.74079541766895,0.366715388978605,False
611.0,655.0,654.7491164536357,0.3722566429600249,128.65260151083612,466.6526015108361,52.09885114185454,139.9541207044335,0.3722566429600249,False
613.0,654.0,655.5101444216972,0.34836816615037947,129.41362947889763,467.41362947889763,51.589389910550494,148.08870305411602,0.34836816615037947,False
615.0,656.0,656.1425891182372,0.3812120947685287,130.04607417543764,468.04607417543764,51.48893698199004,135.06637824084262,0.3812120947685287,False
617.0,655.0,657.0349928007713,0.44582006195739154,130.93847785797175,468.93847785797175,51.35137844749238,115.18409068903722,0.44582006195739154,True
619.0,661.0,657.9258693660668,0.444347484619783,131.8293544232672,469.8293544232672,51.25159830974019,115.34125900047547,0.444347484619783,False
621.0,660.0,658.8123827392504,0.43113792050263555,132.71586779645088,470.7158677964509,51.21022249490386,118.77921207951555,0.43113792050263555,False
623.0,662.0,659.6504210480773,0.40608228980326544,133.55390610527775,471.55390610527775,51.11483976158968,125.87310760671998,0.40608228980326544,False
625.0,662.0,660.4367118984635,0.39991928094596574,134.34019695566394,472.34019695566394,51.2381778428163,128.12129918221981,0.39991928094596574,False
627.0,663.0,661.2500981718612,0.386164317814945,135.1535832290616,473.1535832290616,50.8892700722829,131.78138871098315,0.386164317814945,False
629.0,663.0,661.9813691697233,0.36247218465030073,135.88485422692372,473.8848542269237,50.82704043918295,140.2232849624556,0.36247218465030073,False
631.0,663.0,662.6999869104624,0.3528731620053236,136.6034719676628,474.6034719676628,50.81359842725624,143.999612037624,0.3528731620053236,False
633.0,664.0,663.3928618177446,0.34704830053669866,137.29634687494502,475.296346874945,50.61258791200737,145.83730228252577,0.34704830053669866,False
635.0,664.0,664.0881801126092,0.33117718923165285,137.9916651698096,475.9916651698096,50.80678160566436,153.41268438064398,0.33117718923165285,False
637.0,665.0,664.7175705746712,0.3074959640472912,138.62105563187163,476.6210556318716,50.79923645627241,165.20293726020992,0.3074959640472912,False
639.0,664.0,665.3181639687983,0.29206117195343495,139.22164902599877,477.2216490259988,50.739616595675216,173.72941516431678,0.29206117195343495,False
641.0,666.0,665.8858152624849,0.2951917622933422,139.78930031968537,477.78930031968537,50.34637489997135,170.55480989317184,0.2951917622933422,False
643.0,666.0,666.4989310179717,0.3090230812863126,140.40241607517214,478.40241607517214,49.94898651152812,161.63513192482196,0.3090230812863126,False
645.0,666.0,667.1219075876302,0.30292552031065156,141.02539264483062,479.0253926448306,50.415694658892,166.42934080691012,0.30292552031065156,False
647.0,667.0,667.7106330992143,0.2770081591692417,141.61411815641475,479.61411815641475,49.53592899217461,178.8248011926248,0.2770081591692417,False
649.0,668.0,668.2299402243071,0.2621187660893156,142.13342528150758,480.1334252815076,49.62823465100075,189.33491634891257,0.2621187660893156,False
651.0,669.0,668.7591081635716,0.2766591038003696,142.662593220772,480.662593220772,49.20640683742852,177.85934444772383,0.2766591038003696,False
653.0,669.0,669.3365766395086,0.2554321741786225,143.24006169670906,481.24006169670906,48.984293473345815,191.7702561584561,0.2554321741786225,False
655.0,669.0,669.7808368602861,0.24321523626684893,143.6843219174865,481.6843219174865,48.80017440108497,200.64604154791846,0.24321523626684893,False
657.0,670.0,670.309437584576,0.1892752737903436,144.21292264177646,482.21292264177646,48.82808558202328,257.97392656850235,0.1892752737903436,False
659.0,670.0,670.5379379554474,0.17785461843885741,144.44142301264787,482.4414230126479,48.43198312733614,272.3122039363066,0.17785461843885741,False
661.0,671.0,671.0208560583314,0.21905405995025262,144.9243411155319,482.9243411155319,47.872799725018126,218.54331180116034,0.21905405995025262,False
663.0,671.0,671.4141541952484,0.2305401631834343,145.31763925244888,483.3176392524489,48.70188132879571,211.2511792144651,0.2305401631834343,False
665.0,673.0,671.9430167110652,0.2789934115799326,145.84650176826563,483.8465017682656,48.18353569656642,172.7049231152244,0.2789934115799326,False
667.0,673.0,672.5301278415682,0.3152733539857877,146.43361289876862,484.4336128987686,48.10932411743943,152.59559207660843,0.3152733539857877,False
669.0,675.0,673.2041101270083,0.3475718835900352,147.10759518420878,485.1075951842088,48.14911820622922,138.52995733976465,0.3475718835900352,False
671.0,675.0,673.9204153759283,0.3656791308521292,147.82390043312876,485.82390043312876,47.8476216506798,130.8459182212071,0.3656791308521292,False
673.0,675.0,674.6668266504169,0.3799140451154699,148.5703117076173,486.5703117076173,47.43149069304786,124.84795259051737,0.3799140451154699,False
675.0,675.0,675.4400715563902,0.3925127623369349,149.34355661359064,487.34355661359064,46.56674678673835,118.63753552748236,0.3925127623369349,False
677.0,677.0,676.2368776997646,0.411558095902933,150.14036275696503,488.14036275696503,47.34899217212603,115.04813693008582,0.411558095902933,False
679.0,677.0,677.0863039400019,0.4165212269296603,150.98978899720237,488.98978899720237,47.48023114261582,113.99234438208838,0.4165212269296603,False
681.0,678.0,677.9029626074832,0.41772110476028956,151.80644766468367,489.8064476646837,46.33146996039136,110.9148411042789,0.41772110476028956,False
683.0,678.0,678.7571883590431,0.4277128146952407,152.66067341624353,490.6606734162435,46.36716564566359,108.40723974730966,0.4277128146952407,False
685.0,678.0,679.6138138662642,0.37747065753308107,153.51729892346464,491.51729892346464,46.33237520365663,122.74430946886545,0.37747065753308107,False
687.0,678.0,680.2670709891754,0.3929163576072767,154.17055604637585,492.17055604637585,46.42038300840181,118.14316739340076,0.3929163576072767,False
689.0,680.0,681.1854792966933,0.45489550154894687,155.08896435389374,493.08896435389374,46.27663196869378,101.73024752084606,0.45489550154894687,False
691.0,680.0,682.0866529953712,0.40750032723943264,155.99013805257164,493.99013805257164,46.22201541099855,113.42816758976527,0.40750032723943264,False
693.0,680.0,682.815480605651,0.37985950521402856,156.71896566285147,494.7189656628515,46.36758759213842,122.06509763659331,0.37985950521402856,False
695.0,682.0,683.6060910162273,0.3971595619355526,157.50957607342775,495.50957607342775,46.13845842461831,116.17108801249316,0.3971595619355526,False
697.0,681.0,684.4041188533932,0.33009002719731484,158.30760391059368,496.3076039105937,46.45383137808449,140.73079327027415,0.33009002719731484,False
701.0,688.0,685.1730878310973,0.3229489361083324,159.07657288829773,497.07657288829773,46.631239372648,144.3919894413452,0.3229489361083324,False
703.0,688.0,685.9496923949963,0.3265340256265006,159.85317745219675,497.85317745219675,46.12989605420614,141.27132988882116,0.3265340256265006,False
707.0,691.0,686.7616824469183,0.3349840743488244,160.6651675041187,498.6651675041187,46.01633460257642,137.36872325058314,0.3349840743488244,False
709.0,691.0,687.5636371569842,0.41583402417211346,161.46712221418466,499.46712221418466,45.8468503220829,110.25276349947477,0.41583402417211346,False
711.0,691.0,688.4250185436067,0.4263275011998928,162.32850360080715,500.32850360080715,46.12898945557447,108.20082993882653,0.4263275011998928,False
713.0,691.0,689.2689471617838,0.40285352764084337,163.17243221898423,501.1724322189842,46.231358596338055,114.75972139818215,0.40285352764084337,False
715.0,691.0,690.0364326541701,0.402635368035277,163.93991771137053,501.9399177113705,46.31557009353128,115.03105233783965,0.402635368035277,False
717.0,691.0,690.8794886339249,0.39248003839611556,164.78297369112533,502.78297369112533,46.18054891339887,117.66343353949267,0.39248003839611556,False
719.0,692.0,691.6063528077545,0.36195950957724676,165.509837864955,503.509837864955,46.31796061433272,127.96448052554308,0.36195950957724676,False
721.0,692.0,692.3273266722339,0.3762707797024518,166.23081172943432,504.2308117294343,46.03125047400545,122.3354375548538,0.3762707797024518,False
723.0,692.0,693.1114359265644,0.38042672018849544,167.0149209837648,505.0149209837648,46.32116978654653,121.76108387863796,0.38042672018849544,False
725.0,692.0,693.8490335529879,0.37453641083820344,167.7525186101883,505.7525186101883,46.29122415858626,123.59605853804072,0.37453641083820344,False
727.0,693.0,694.6095815699172,0.3666826650377857,168.5130666271176,506.5130666271176,46.075233128184095,125.65424417714473,0.3666826650377857,False
729.0,693.0,695.315764213139,0.35462934683016556,169.21924927033945,507.21924927033945,45.96013928102639,129.60049610061466,0.35462934683016556,False
731.0,699.0,696.0280989572378,0.34422313364459,169.93158401443827,507.9315840144383,46.339672291434,134.62102851948254,0.34422313364459,False
733.0,693.0,696.6926567477174,0.3378092412409046,170.5961418049178,508.5961418049178,46.12870277657635,136.55251883319622,0.3378092412409046,False
735.0,694.0,697.3793359222014,0.3297591517954288,171.2828209794019,509.2828209794019,46.91908458077933,142.28288836055202,0.3297591517954288,False
737.0,700.0,698.0116933548991,0.30773593961345114,171.91517841209952,509.9151784120995,46.75847760219608,151.94350604914612,0.30773593961345114,False
739.0,699.0,698.6102796806553,0.2902504472272369,172.5137647378557,510.5137647378557,46.83842565164139,161.372449548619,0.2902504472272369,False
741.0,699.0,699.172695143808,0.25327239408349556,173.07618020100847,511.07618020100847,47.30816971819718,186.78770692474774,0.25327239408349556,False
743.0,701.0,699.6233692569892,0.2587154762424291,173.52685431418968,511.5268543141897,47.686694683632254,184.32099763118725,0.2587154762424291,False
745.0,701.0,700.2075570487777,0.2953226580566479,174.11104210597819,512.1110421059782,48.156686962706544,163.064653689624,0.2953226580566479,False
747.0,701.0,700.8046598892158,0.32023648501245816,174.70814494641627,512.7081449464163,48.137015452985,150.31708660901748,0.32023648501245816,False
749.0,701.0,701.4885029888276,0.3294210044068677,175.39198804602802,513.391988046028,48.2814547302529,146.56459085596282,0.3294210044068677,True
751.0,701.0,702.1223439068433,0.3127754265020428,176.02582896404374,514.0258289640437,47.958594106834994,153.33235939659653,0.3127754265020428,False
753.0,701.0,702.7396046948357,0.30252192504036657,176.6430897520362,514.6430897520362,48.343251977360296,159.80082095176965,0.30252192504036657,False
755.0,705.0,703.3324316070048,0.28834155067849565,177.2359166642052,515.2359166642052,48.069489418472926,166.7102410504513,0.28834155067849565,False
757.0,703.0,703.8929708975497,0.2702343034163732,177.79645595475017,515.7964559547502,47.79757690558813,176.87457255173965,0.2702343034163732,False
759.0,706.0,704.4133688206703,0.25043631921113274,178.3168538778707,516.3168538778707,47.50454868282168,189.68713816134837,0.25043631921113274,False
761.0,706.0,704.8947161743943,0.23118373401985082,178.7982012315947,516.7982012315947,47.44168724335736,205.21204679254697,0.23118373401985082,False
763.0,706.0,705.3381037567497,0.21024041188536557,179.2415888139501,517.2415888139501,47.214827886752005,224.5754156555595,0.21024041188536557,False
765.0,707.0,705.7356778219357,0.17728740346439054,179.63916287913617,517.6391628791362,47.12090747539765,265.78824301446906,0.17728740346439054,False
767.0,707.0,706.0472533706072,0.13668790086828153,179.95073842780766,517.9507384278077,47.25366285238067,345.70479575889,0.13668790086828153,False
769.0,708.0,706.2824294254088,0.11694445656439711,180.1859144826093,518.1859144826093,47.354750275927245,404.9336896088844,0.11694445656439711,False
771.0,707.0,706.5150311968648,0.16517954535541435,180.41851625406525,518.4185162540653,47.25536472331805,286.0848455638947,0.16517954535541435,False
773.0,707.0,706.9431476068305,0.1430254374100457,180.84663266403095,518.846632664031,47.21828668516889,330.1390825311499,0.1430254374100457,False
775.0,707.0,707.087132946505,0.05174745844055906,180.99061800370544,518.9906180037054,47.20399155479368,912.1992263449163,0.05174745844055906,False
777.0,707.0,707.1501374405927,0.06726951437670436,181.05362249779319,519.0536224977932,47.25297423063455,702.4426245449216,0.06726951437670436,False
779.0,706.0,707.3562110040118,0.09877176142066446,181.25969606121225,519.2596960612123,47.29355851615708,478.816595309422,0.09877176142066446,False
781.0,707.0,707.5452244862754,0.09636109777912338,181.44870954347584,519.4487095434758,46.96104439144051,487.3444312463469,0.09636109777912338,False
783.0,707.0,707.7416553951283,0.1106614599241027,181.64514045232875,519.6451404523287,46.88375725740377,423.66834207283233,0.1106614599241027,False
785.0,709.0,707.9878703259718,0.12785243684282932,181.89135538317225,519.8913553831723,47.2024266419113,369.19457937229515,0.12785243684282932,False
787.0,708.0,708.2530651424996,0.12740520965138558,182.15655019970006,520.1565501997001,47.12094506789492,369.85100685309743,0.12740520965138558,False
789.0,708.0,708.4974911645774,0.11729351193335447,182.4009762217778,520.4009762217778,46.8881677751358,399.7507364412228,0.11729351193335447,False
791.0,709.0,708.722239190233,0.12378376019898951,182.62572424743348,520.6257242474335,47.15158808435274,380.9190156168616,0.12378376019898951,False
793.0,709.0,708.9926262053733,0.13432086914787078,182.89611126257375,520.8961112625738,46.83422272284406,348.67420840826554,0.13432086914787078,False
795.0,709.0,709.2595226668245,0.15572232645405393,183.16300772402496,521.163007724025,46.93725371886944,301.41634014643586,0.15572232645405393,False
797.0,709.0,709.6155155111895,0.16619398752126813,183.51900056838997,521.51900056839,47.2539993504713,284.3303783443076,0.16619398752126813,False
799.0,709.0,709.9242986169096,0.18774815655132215,183.82778367411004,521.82778367411,47.27462298892158,251.79806746064511,0.18774815655132215,False
801.0,710.0,710.3665081373948,0.2285767267332801,184.26999319459526,522.2699931945953,47.641933411972445,208.42862741474335,0.2285767267332801,False
803.0,710.0,710.8386055238427,0.24188446267291397,184.74209058104316,522.7420905810432,47.71450008393515,197.26153369535209,0.24188446267291397,False
805.0,710.0,711.3340459880865,0.27032156725860546,185.23753104528691,523.2375310452869,48.0158121392717,177.62479193284997,0.27032156725860546,False
807.0,711.0,711.9198917928771,0.27953881059383434,185.82337685007758,523.8233768500776,48.22513768813076,172.51678786814742,0.27953881059383434,False
809.0,713.0,712.4522012304618,0.28209127797899214,186.35568628766225,524.3556862876623,48.247876614868574,171.0363998509081,0.28209127797899214,False
811.0,712.0,713.0482569047931,0.3021183297700816,186.95174196199355,524.9517419619935,48.4043879264143,160.21665406150981,0.3021183297700816,False
813.0,712.0,713.6606745495421,0.3065360617828503,187.56415960674258,525.5641596067426,48.972824255580576,159.76203246935708,0.3065360617828503,False
815.0,713.0,714.2744011519245,0.2975806099742613,188.17788620912495,526.177886209125,48.9621156299736,164.53395815745017,0.2975806099742613,False
817.0,715.0,714.8509969894392,0.2876979798420507,188.75448204663962,526.7544820466396,48.92249876658468,170.048113627505,0.2876979798420507,False
819.0,717.0,715.4251930712927,0.26646014224007786,189.32867812849315,527.3286781284932,48.76696749569805,183.017869335818,0.26646014224007786,False
821.0,717.0,715.9168375583995,0.252050700292358,189.82032261559993,527.8203226155999,48.81136806259178,193.6569428530634,0.252050700292358,False
823.0,717.0,716.4333958724621,0.254679523539437,190.33688092966258,528.3368809296626,48.81551013661681,191.674263632183,0.254679523539437,False
825.0,718.0,716.9355556525572,0.2663728783978456,190.83904070975768,528.8390407097577,48.50322390102792,182.0876967383486,0.2663728783978456,False
827.0,718.0,717.4988873860535,0.2689471617435686,191.40237244325397,529.402372443254,48.64397169636936,180.8681355141038,0.2689471617435686,False
829.0,719.0,718.0113442995315,0.2418735546926314,191.91482935673196,529.914829356732,48.406692172348926,200.1322229454282,0.2418735546926314,False
831.0,720.0,718.466381604824,0.22397355905582117,192.3698666620245,530.3698666620245,48.56648519528676,216.84026185958174,0.22397355905582117,False
833.0,719.0,718.9072385357548,0.21737423098741715,192.81072359295524,530.8107235929552,48.47519664397851,223.00341868390336,0.21737423098741715,False
835.0,719.0,719.3358785287737,0.21760329857323768,193.23936358597416,531.2393635859742,48.398227789603766,222.41495467640905,0.21760329857323768,False
837.0,721.0,719.7776517300478,0.20413194292945036,193.6811367872482,531.6811367872482,48.39966474986977,237.09990732120295,0.20413194292945036,False
839.0,721.0,720.1524063004915,0.17919630001310338,194.05589135769196,532.055891357692,48.369642712996665,269.9254544288009,0.17919630001310338,False
841.0,721.0,720.4944369301002,0.16332518870802915,194.3979219873006,532.3979219873006,48.293533059179936,295.68943676846214,0.16332518870802915,False
843.0,721.0,720.8057070553236,0.14843579562807463,194.70919211252408,532.7091921125241,48.21752786433217,324.83760174094067,0.14843579562807463,False
845.0,721.0,721.0881801126125,0.1322919848161348,194.9916651698129,532.9916651698129,48.32414100967139,365.28396695260415,0.1322919848161348,False
847.0,720.0,721.3348749945882,0.12297656965836268,195.23836005178862,533.2383600517886,48.18003317768944,391.78221763330095,0.12297656965836268,False
849.0,722.0,721.5800863912459,0.1331537152581177,195.48357144844636,533.4835714484464,48.09830556346674,361.2239093008291,0.1331537152581177,False
851.0,722.0,721.8674898556206,0.11826432217810634,195.7709749128211,533.7709749128211,48.0742564483337,406.4983890571305,0.11826432217810634,False
853.0,721.0,722.0531436799583,0.08415506784763238,195.95662873715878,533.9566287371588,48.12100642533164,571.813530142445,0.08415506784763238,False
855.0,721.0,722.2041101270112,0.08357694489291134,196.10759518421162,534.1075951842116,48.20472137311697,576.7705607674767,0.08357694489291134,False
857.0,722.0,722.38745145953,0.08441685937427224,196.29093651673043,534.2909365167304,48.07080336653337,569.4455316491427,0.08441685937427224,False
859.0,722.0,722.5417775645083,0.10168419215497693,196.4452626217087,534.4452626217087,48.12847841275652,473.31327901394826,0.10168419215497693,False
861.0,723.0,722.7941882281499,0.12315109734282714,196.69767328535033,534.6976732853503,48.11693249381972,390.71460613844266,0.12315109734282714,False
863.0,723.0,723.0343819538796,0.10786901697278495,196.93786701108002,534.93786701108,48.25157870324506,447.31638479118425,0.10786901697278495,False
865.0,723.0,723.225664296041,0.10285134604481527,197.12914935324147,535.1291493532415,48.27956614553045,469.41112588350245,0.10285134604481527,False
867.0,723.0,723.4457873380588,0.10809808455871917,197.34927239525928,535.3492723952593,48.18011196561031,445.7073607020182,0.10809808455871917,False
869.0,723.0,723.6580566342759,0.10531654958765557,197.56154169147635,535.5615416914764,48.21753194728524,457.8343302744979,0.10531654958765557,False
871.0,724.0,723.8670535364095,0.11514463981848166,197.7705385936099,535.7705385936099,48.388493152915885,420.2409528502354,0.11514463981848166,False
873.0,725.0,724.1186351935498,0.11705353636722293,198.02212025075028,536.0221202507503,48.531274341666176,414.6075022407934,0.11705353636722293,False
875.0,725.0,724.3352676818783,0.09848815393345944,198.2387527390788,536.2387527390788,48.365928338585945,491.08371318709993,0.09848815393345944,False
877.0,724.0,724.5125878092837,0.09242331689864614,198.41607286648411,536.4160728664841,48.32834243531477,522.9020560722021,0.09242331689864614,False
879.0,725.0,724.7049609494729,0.11130503076049081,198.60844600667338,536.6084460066734,48.33677073865101,434.273010019317,0.11130503076049081,False
881.0,725.0,724.9578079323256,0.13013220472097942,198.86129298952608,536.8612929895261,48.48200712172843,372.5596382976853,0.13013220472097942,False
883.0,726.0,725.2254897683569,0.12837601989616587,199.1289748255573,537.1289748255573,48.5511427353415,378.19479661864443,0.12837601989616587,False
885.0,726.0,725.4713120119103,0.11848248178367271,199.37479706911074,537.3747970691107,48.46699024635609,409.06461036871195,0.11848248178367271,False
887.0,726.0,725.6994196954915,0.1163990575504954,199.60290475269198,537.602904752692,48.541699179585066,417.02828357117113,0.1163990575504954,False
889.0,726.0,725.9369082421123,0.1381822941664268,199.84039329931272,537.8403932993127,48.59708899680948,351.68824841103833,0.1381822941664268,False
891.0,726.0,726.2521488721572,0.1517190976918812,200.1556339293577,538.1556339293577,48.580144493215016,320.1979528765326,0.1517190976918812,False
893.0,727.0,726.5437846328798,0.13871678520007436,200.44726969008025,538.4472696900802,48.81922352559138,351.93450781877846,0.13871678520007436,False
895.0,727.0,726.8070160129575,0.12320563724424005,200.710501070158,538.710501070158,48.79560954576323,396.0501372922728,0.12320563724424005,False
897.0,726.0,727.0366071818568,0.1336882062917084,200.9400922390572,538.9400922390572,48.99467530370202,366.4846485919286,0.1336882062917084,False
899.0,728.0,727.3417688381244,0.11954055587065682,201.24525389532482,539.2452538953248,49.13187814227808,411.0059367252642,0.11954055587065682,False
901.0,727.0,727.5147694053394,0.10341856101928215,201.41825446253984,539.4182544625398,49.1992630912996,475.72952675416275,0.10341856101928215,False
903.0,727.0,727.7554430822015,0.11147955844495527,201.65892813940195,539.658928139402,49.34494622115403,442.6367211125872,0.11147955844495527,False
905.0,728.0,727.9606876391192,0.12074043370128607,201.86417269631966,539.8641726963197,49.475212676408205,409.7650733871865,0.12074043370128607,False
907.0,728.0,728.2384048170067,0.14502159780096235,202.1418898742071,540.1418898742071,49.640355066794086,342.2962911698431,0.14502159780096235,False
909.0,728.0,728.5407740303231,0.15571141847377135,202.4442590875235,540.4442590875235,49.84006759620445,320.07972237822565,0.15571141847377135,False
911.0,729.0,728.8612504909017,0.1734477944064281,202.76473554810218,540.7647355481022,49.84065194413404,287.35246887801827,0.1734477944064281,False
913.0,729.0,729.2345652079488,0.19249312797242624,203.13805026514922,541.1380502651492,50.06270346489805,260.0752764123055,0.19249312797242624,False
915.0,729.0,729.6312230027914,0.2048736855883817,203.53470805999189,541.5347080599919,50.25045226013117,245.27528811626382,0.2048736855883817,False
917.0,730.0,730.0540599503023,0.19803438195384615,203.95754500750274,541.9575450075027,50.25097899118964,253.7487606717763,0.19803438195384615,False
919.0,732.0,730.4233605306068,0.20632444696539665,204.32684558780727,542.3268455878073,50.20264436999571,243.31893340014798,0.20632444696539665,False
921.0,731.0,730.8793577381639,0.22166106723676648,204.78284279536433,542.7828427953643,50.2866842911219,226.86295305710297,0.22166106723676648,False
923.0,731.0,731.3100047995539,0.22798769579824807,205.21348985675434,543.2134898567543,50.346856317107495,220.83146259638795,0.22798769579824807,False
925.0,732.0,731.7913085213569,0.23562328199312788,205.69479357855732,543.6947935785573,50.48477201724768,214.2605416162572,0.23562328199312788,False
927.0,733.0,732.2524979275264,0.23424887647806258,206.15598298472685,544.1559829847268,50.41733205076571,215.22977104006426,0.23424887647806258,False
929.0,732.0,732.7283040272691,0.23992102622284506,206.63178908446957,544.6317890844696,50.62678081080082,211.01435588132784,0.23992102622284506,True
931.0,732.0,733.2121820324178,0.23423796849778,207.11566708961823,545.1156670896182,50.83431033828083,217.01994200296616,0.23423796849778,False
933.0,733.0,733.6652559012603,0.2377285221868135,207.5687409584607,545.5687409584607,50.67214309659164,213.15129808770737,0.2377285221868135,False
935.0,733.0,734.163096121165,0.25039268729003084,208.06658117836548,546.0665811783655,50.86092313642564,203.1246346963529,0.25039268729003084,False
937.0,734.0,734.6668266504204,0.24138269558011416,208.57031170762082,546.5703117076208,50.83835953012942,210.61310715728723,0.24138269558011416,False
939.0,733.0,735.1286269034855,0.239310179327191,209.03211196068594,547.0321119606859,50.86020991394321,212.5284016623707,0.239310179327191,False
941.0,737.0,735.6240673677291,0.23832846110215655,209.52755242492958,547.5275524249296,50.93917213956741,213.7351615665112,0.23832846110215655,False
943.0,737.0,736.0819407478941,0.23396526899080072,209.98542580509456,547.9854258050946,50.94825973964544,217.75992633183805,0.23396526899080072,False
945.0,739.0,736.5599284436923,0.22622060299315194,210.46341350089278,548.4634135008928,50.991141738784336,225.40449925477353,0.22622060299315194,False
947.0,738.0,736.9868231598667,0.21956673502339186,210.89030821706717,548.8903082170672,51.10248266941028,232.7423717621251,0.21956673502339186,False
949.0,738.0,737.4381953837859,0.21176752912433017,211.34168044098635,549.3416804409864,51.06609767312841,241.14224633157596,0.21176752912433017,False
951.0,738.0,737.833893276364,0.20282298529602372,211.7373783335645,549.7373783335645,51.02245256057495,251.56149085423814,0.20282298529602372,False
953.0,738.0,738.24948732497,0.2030520528819011,212.15297238217045,550.1529723821704,50.97550795531947,251.0465037502861,0.2030520528819011,False
955.0,739.0,738.6461014878917,0.19192591299793094,212.5495865450921,550.5495865450921,50.950259783952106,265.46837260324185,0.19192591299793094,False
957.0,739.0,739.0171909769617,0.17168070160130355,212.92067603416217,550.9206760341622,51.021667362971925,297.1892990131194,0.17168070160130355,False
959.0,740.0,739.3328242942969,0.18348313626253798,213.2363093514973,551.2363093514973,51.04197543439261,278.18346946805445,0.18348313626253798,False
961.0,739.0,739.7511235220119,0.20467734194335208,213.65460857921232,551.6546085792123,51.05882294582284,249.46006461210658,0.20467734194335208,False
963.0,740.0,740.1515336620703,0.1597473711767634,214.05501871927072,552.0550187192707,51.09072163956148,319.8219868233616,0.1597473711767634,False
965.0,740.0,740.3901130067189,0.14473799031375734,214.29359806391938,552.2935980639194,51.13415596663879,353.28772947442593,0.14473799031375734,False
967.0,741.0,740.7304856233253,0.18378855971027974,214.63397068052575,552.6339706805257,51.08246300764097,277.9414730066237,0.18378855971027974,False
969.0,741.0,741.12526724556,0.1809633928181711,215.0287523027605,553.0287523027605,51.38634665977236,283.95989851607436,0.1809633928181711,False
971.0,741.0,741.454339194598,0.1466905187835721,215.35782425179843,553.3578242517984,51.33640264124574,349.964013127445,0.1466905187835721,False
973.0,742.0,741.7120293206943,0.08969632182908072,215.61551437789478,553.6155143778948,51.53351326959091,574.5331828409833,0.08969632182908072,False
975.0,742.0,741.8131244819143,0.09336140320257869,215.71660953911476,553.7166095391148,51.58214937943205,552.4997226906218,0.09336140320257869,False
977.0,742.0,742.0854749335047,0.09588114664688874,215.9889599907051,553.9889599907051,51.61297171615274,538.301569402722,0.09588114664688874,False
979.0,742.0,742.1966490685019,0.03854880230377944,216.1001341257023,554.1001341257023,51.60186925822643,1338.6114788102568,0.03854880230377944,False
981.0,743.0,742.2396701427198,0.11057419608184205,216.14315519992022,554.1431551999202,52.14839395846502,471.6144978333564,0.11057419608184205,False
983.0,743.0,742.6389458528292,0.13689515249356532,216.54243091002968,554.5424309100297,52.16488584326737,381.05721709699947,0.13689515249356532,False
985.0,742.0,742.787250752694,0.11061782800297237,216.69073580989448,554.6907358098945,52.2067345306009,471.95588155281865,0.11061782800297237,False
987.0,744.0,743.0814171648411,0.15340983463502766,216.98490222204157,554.9849022220416,52.500356061974,342.22288412523153,0.15340983463502766,False
989.0,743.0,743.4008900912341,0.14624329159215677,217.3043751484346,555.3043751484346,52.67209171071818,360.16757512276246,0.14624329159215677,False
991.0,744.0,743.6663903312098,0.14634146341461474,217.5698753884102,555.5698753884102,52.48497135663388,358.6473042703791,0.14634146341461474,False
993.0,744.0,743.9862559448926,0.1535952702997747,217.88974100209305,555.889741002093,52.6716949072561,342.9252398492205,0.1535952702997747,False
995.0,744.0,744.2807714124089,0.1760875256337897,218.1842564696093,556.1842564696093,52.60634648471466,298.75112558580895,0.1760875256337897,False
997.0,744.0,744.6906060474278,0.18755181290632095,218.5940911046282,556.5940911046282,52.39445713513874,279.3599076608708,0.18755181290632095,False
999.0,746.0,745.0309786640341,0.17416772110476586,218.93446372123458,556.9344637212346,52.73816087127807,302.8010043236132,0.17416772110476586,False
1001.0,745.0,745.3872769318468,0.18868624285528313,219.29076198904727,557.2907619890473,51.87950596483415,274.9511844624742,0.18868624285528313,False
1003.0,744.0,745.7857236354553,0.198023473973592,219.6892086926557,557.6892086926557,52.38001863297063,264.51418906000976,0.198023473973592,False
1005.0,748.0,746.1793708277412,0.19644181683315765,220.08285588494164,558.0828558849416,51.56325108169631,262.486123947276,0.19644181683315765,False
1007.0,746.0,746.5714909027879,0.20457917012086568,220.47497595998834,558.4749759599883,51.26501881568322,250.58767608352193,0.20457917012086568,False
1009.0,745.0,746.9976875082247,0.2122256642960565,220.9011725654251,558.9011725654251,50.12863787182164,236.20441023519092,0.2122256642960565,False
1011.0,745.0,747.4203935599721,0.20917142981807046,221.32387861717257,559.3238786171726,50.6200763222256,242.00282211702174,0.20917142981807046,False
1013.0,746.0,747.8343732274969,0.21381822941665973,221.73785828469738,559.7378582846974,51.27166670973622,239.7909048710015,0.21381822941665973,False
1015.0,751.0,748.2756664776388,0.21819232950826972,222.1791515348392,560.1791515348392,51.68883635803422,236.89575373489544,0.21819232950826972,False
1017.0,746.0,748.70714254553,0.21208386055238293,222.61062760273046,560.6106276027305,51.8265364561488,244.36813023472894,0.21208386055238293,False
1019.0,751.0,749.1240019198483,0.19549282254897093,223.02748697704874,561.0274869770487,50.72129645374321,259.453497025639,0.19549282254897093,False
1021.0,752.0,749.4891138357259,0.18894803438197982,223.39259889292634,561.3925988929263,51.11979590091608,270.549498268776,0.18894803438197982,False
1023.0,746.0,749.8797940573762,0.19244949605135275,223.78327911457666,561.7832791145767,51.82236884520262,269.2777581052977,0.19244949605135275,False
1025.0,753.0,750.2589118199313,0.17514943932980032,224.16239687713175,562.1623968771318,51.10227719484124,291.76386399169354,0.17514943932980032,False
1027.0,752.0,750.5803918146954,0.15757668310135386,224.48387687189586,562.4838768718959,50.79106652323935,322.3260289758121,0.15757668310135386,False
1029.0,751.0,750.8892185523367,0.1602600462498458,224.79270360953717,562.7927036095372,52.04764563740389,324.76994020244746,0.1602600462498458,False
1031.0,753.0,751.2214319996948,0.16851738732057697,225.12491705689524,563.1249170568952,51.74159479379148,307.04009607840345,0.16851738732057697,False
1033.0,752.0,751.563288101619,0.15608228980323702,225.46677315881948,563.4667731588195,51.20417306674801,328.05882801500314,0.15608228980323702,False
1035.0,753.0,751.8457611589077,0.13550983899824587,225.7492462161082,563.7492462161082,52.39330071924758,386.63835118220305,0.13550983899824587,False
1037.0,751.0,752.105327457612,0.12285658187533954,226.00881251481246,564.0088125148125,51.94254193583038,422.79006255062166,0.12285658187533954,False
1039.0,753.0,752.3371874864091,0.12844146777783294,226.24067254360955,564.2406725436095,51.69646062948925,402.4904224771813,0.12844146777783294,False
1041.0,754.0,752.6190933287234,0.12599808019547254,226.5225783859238,564.5225783859238,52.24493483777462,414.6486577948029,0.12599808019547254,False
1043.0,752.0,752.841179807191,0.09276146428726406,226.74466486439144,564.7446648643914,52.00562922957158,560.6382955374696,0.09276146428726406,False
1045.0,753.0,752.9901391858724,0.09627383393689115,226.89362424307285,564.8936242430728,52.01735359506279,540.3062438456631,0.09627383393689115,False
1047.0,753.0,753.2262751429386,0.09633928181858664,227.129760200139,565.129760200139,51.90289521912848,538.7511121046671,0.09633928181858664,False
1049.0,753.0,753.3754963131468,0.0576377677909079,227.2789813703472,565.2789813703472,52.07942385329932,903.5642053701222,0.0576377677909079,False
1051.0,753.0,753.4568262141022,0.022492255333986577,227.36031127130263,565.3603112713026,52.63733928407078,2340.2428303636557,0.022492255333986577,False
1053.0,753.0,753.4654653344827,0.005475806099752845,227.36895039168314,565.3689503916831,52.61216241861541,9608.11275274888,0.005475806099752845,False
1055.0,753.0,753.4787294385012,0.05010035341857133,227.38221449570165,565.3822144957016,52.93878441034735,1056.6549095584596,0.05010035341857133,False
1057.0,753.0,753.665866748157,0.028208036999842534,227.56935180535743,565.5693518053574,52.76859870802241,1870.6937568295511,0.028208036999842534,False
1059.0,753.0,753.5915615865006,0.0006326628561339476,227.49504664370102,565.495046643701,52.24953051243904,82586.68895424572,0.0006326628561339476,False
1061.0,754.0,753.6683973995815,0.031196823596161494,227.57188245678196,565.571882456782,52.52641197451135,1683.7102602001532,0.031196823596161494,False
1063.0,754.0,753.7163488808852,-0.031567694925627166,227.61983393808566,565.6198339380857,52.32313319409696,1657.4898267792178,0.031567694925627166,False
1065.0,754.0,753.542126619879,-0.013569527466273712,227.44561167707946,565.4456116770795,51.91533875866367,3825.876684924828,0.013569527466273712,False
1067.0,754.0,753.6620707710201,0.07349797111569956,227.56555582822057,565.5655558282206,52.03737003776985,708.0109729267668,0.07349797111569956,False
1069.0,756.0,753.8361185043418,0.08679479907499399,227.73960356154225,565.7396035615423,51.88975368416993,597.844044080743,0.08679479907499399,False
1071.0,754.0,754.0092499673201,0.11374841834287963,227.91273502452054,565.9127350245205,51.88483878406191,456.13679328412195,0.11374841834287963,False
1073.0,754.0,754.2911121777133,0.12437279113399313,228.19459723491377,566.1945972349138,51.97807363669722,417.92158206611765,0.12437279113399313,False
1075.0,755.0,754.5067411318561,0.1450434137614991,228.41022618905652,566.4102261890565,51.86476563356098,357.5809772296477,0.1450434137614991,False
1077.0,755.0,754.8712858327593,0.1528862515816911,228.77477088995977,566.7747708899598,51.57388049304427,337.3349791723228,0.1528862515816911,False
1079.0,755.0,755.1182861381828,0.1500283607487347,229.02177119538328,567.0217711953833,51.440529799687965,342.87203794647735,0.1500283607487347,False
1081.0,755.0,755.4713992757543,0.20401195514637038,229.3748843329547,567.3748843329547,51.445244626348654,252.16779374247335,0.20401195514637038,False
1083.0,755.0,755.9343339587683,0.21070945503731764,229.83781901596876,567.8378190159688,51.21945404727751,243.08094783030168,0.21070945503731764,False
1085.0,755.0,756.3142370959035,0.2126619835071324,230.21772215310398,568.217722153104,50.8642464985403,239.17883986459847,0.2126619835071324,False
1087.0,756.0,756.7849818927968,0.23848117282608428,230.6884669499973,568.6884669499973,51.15136722040052,214.48807305934952,0.23848117282608428,False
1089.0,756.0,757.2681617872079,0.2515816571404059,231.17164684440831,569.1716468444083,51.16468307330536,203.37207272925593,0.2515816571404059,False
1091.0,756.0,757.7913085213585,0.24398970286662802,231.69479357855892,569.6947935785589,51.26171320601236,210.09785496576274,0.24398970286662802,False
1093.0,757.0,758.2441205986744,0.22815131550242995,232.14760565587483,570.1476056558748,50.88429304628824,223.02870765496985,0.22815131550242995,False
1095.0,757.0,758.7039137833682,0.23841572494433194,232.60739884056864,570.6073988405686,51.06621497007643,214.18979382337284,0.23841572494433194,False
1097.0,757.0,759.1977834984517,0.23585234957897683,233.10126855565215,571.1012685556522,50.96794921054857,216.10108740291176,0.23585234957897683,False
1099.0,759.0,759.6473231816841,0.2226973253632707,233.55080823888454,571.5508082388845,51.00208040204052,229.01972584917382,0.2226973253632707,False
1101.0,760.0,760.0885727999048,0.23564509795369304,233.99205785710524,571.9920578571052,51.22286407863021,217.37292446752315,0.23564509795369304,False
1103.0,763.0,760.5899035734989,0.2461931148828569,234.49338863069931,572.4933886306993,50.7186404868321,206.01161210769416,0.2461931148828569,False
1105.0,764.0,761.0733452594362,0.22807495964045188,234.97683031663666,572.9768303166367,50.339695192679415,220.71557207348533,0.22807495964045188,False
1107.0,764.0,761.5022034120607,0.20990226449671923,235.40568846926112,573.4056884692611,49.74544198704143,236.9933554853047,0.20990226449671923,False
1109.0,763.0,761.9129543174231,0.22836947510799632,235.81643937462354,573.8164393746235,50.82190633993434,222.54246683319025,0.22836947510799632,False
1111.0,763.0,762.4156813124927,0.21827959335053038,236.3191663696931,574.3191663696931,50.88220817332751,233.1056577131189,0.21827959335053038,False
1113.0,763.0,762.7860726908252,0.1773964832671595,236.68955774802566,574.6895577480257,49.71457503607565,280.2455500834556,0.1773964832671595,False
1115.0,765.0,763.1252672455613,0.1709171429817502,237.02875230276175,575.0287523027617,49.11336261420763,287.3518814871118,0.1709171429817502,False
1117.0,763.0,763.4697412627522,0.17246607618136522,237.37322631995266,575.3732263199527,49.61024993703632,287.652221442472,0.17246607618136522,False
1119.0,765.0,763.8151315502868,0.16162354378468535,237.7186166074872,575.7186166074872,49.185514999384736,304.32147351570023,0.16162354378468535,False
1121.0,765.0,764.116235437891,0.13849862559447956,238.0197204950914,576.0197204950914,49.10689004814674,354.5659015558065,0.13849862559447956,False
1123.0,764.0,764.3691260526647,0.09724464418167145,238.27261110986512,576.2726111098651,48.53278759839145,499.07928613243723,0.09724464418167145,False
1125.0,765.0,764.5052140146176,0.06636415201361956,238.4086990718181,576.4086990718181,49.23644785147917,741.9133124970035,0.06636415201361956,False
1127.0,764.0,764.6345826607192,0.05383088267376479,238.5380677179196,576.5380677179196,47.968152781553385,891.0898428372105,0.05383088267376479,False
1129.0,764.0,764.7205375453127,0.0332693398490278,238.62402260251315,576.6240226025132,47.66846832406941,1432.804754779719,0.0332693398490278,False
1131.0,763.0,764.7676600201153,0.012762336925732143,238.6711450773157,576.6711450773157,47.49648600008743,3721.613547462639,0.012762336925732143,False
1133.0,765.0,764.7715868930156,0.00039268729000241365,238.67507195021608,576.6750719502161,48.2094885972208,122768.14102367428,0.00039268729000241365,False
1135.0,765.0,764.7692307692753,-0.0037305292552218816,238.67271582647572,576.6727158264757,47.86335041249015,12830.1769368227,0.0037305292552218816,False
1137.0,764.0,764.7566647759948,-0.02810986517732772,238.6601498331952,576.6601498331952,47.61249482687754,1693.8001846156078,0.02810986517732772,False
1139.0,765.0,764.656791308566,-0.04987128583269396,238.5602763657664,576.5602763657664,47.23129839207252,947.0639788699663,0.04987128583269396,False
1141.0,765.0,764.557179632664,-0.02997512980493866,238.46066468986442,576.4606646898644,48.2544036427081,1609.81466825067,0.02997512980493866,False
1143.0,764.0,764.5368907893462,-0.004788603342205988,238.44037584654666,576.4403758465467,48.07012599536392,10038.443896925326,0.004788603342205988,False
1145.0,764.0,764.5380252192952,0.01219512195120842,238.4415102764956,576.4415102764956,47.31982914632863,3880.2259900024765,0.01219512195120842,False
1147.0,765.0,764.585671277151,0.018958069723794324,238.4891563343515,576.4891563343515,47.52318828763418,2506.7524795516338,0.018958069723794324,False
1149.0,765.0,764.6138574981903,0.016874645490645435,238.51734255539077,576.5173425553908,47.49352954356641,2814.490507068415,0.016874645490645435,False
1151.0,764.0,764.6531698591136,0.01976526026442116,238.55665491631407,576.5566549163141,47.505494523332345,2403.4843906834626,0.01976526026442116,False
1153.0,765.0,764.692918539248,0.027629914045064652,238.59640359644845,576.5964035964485,46.25984863411816,1674.266831184053,0.027629914045064652,False
1155.0,765.0,764.7636895152939,0.02888433177710681,238.66717457249433,576.6671745724943,46.84079896333856,1621.6680837485642,0.02888433177710681,False
1157.0,765.0,764.8084558663564,0.0015162092587104326,238.71194092355688,576.7119409235569,46.8865313460517,30923.522644842353,0.0015162092587104326,False
1159.0,764.0,764.7697543523287,0.03038963305556308,238.67323940952917,576.6732394095292,46.091691232290486,1516.6912725803054,0.03038963305556308,False
1161.0,764.0,764.9300143985787,0.042115711854791016,238.83349945577913,576.8334994557791,46.94280654534885,1114.615056423621,0.042115711854791016,False
1163.0,764.0,764.9382171997479,0.022764954840937435,238.84170225694834,576.8417022569483,45.28088260487948,1989.060945706443,0.022764954840937435,False
1165.0,766.0,765.0210742179424,0.049118635193536875,238.92455927514288,576.9245592751429,47.1504338387258,959.9296408164441,0.049118635193536875,False
1167.0,765.0,765.134691740522,0.08809284872816647,239.03817679772249,577.0381767977225,45.54740905885865,517.0386667754052,0.08809284872816647,False
1169.0,766.0,765.3734456128551,0.10905798682316004,239.27693067005555,577.2769306700555,45.119885597284906,413.7238079632609,0.10905798682316004,False
1171.0,766.0,765.5709236878147,0.09606658231160736,239.47440874501513,577.4744087450151,45.01648895359767,468.59675727381943,0.09606658231160736,False
1173.0,766.0,765.7577119421015,0.07635586194859911,239.66119699930198,577.661196999302,43.37764198577861,568.098386669767,0.07635586194859911,False
1175.0,766.0,765.8763471356091,0.09098346350191377,239.77983219280952,577.7798321928095,42.78817818479695,470.2852203894934,0.09098346350191377,False
1177.0,765.0,766.1216457961092,0.09654653344389885,240.02513085330963,578.0251308533096,42.44208660950687,439.60238752817645,0.09654653344389885,False
1179.0,766.0,766.2625332693847,0.0988917492036876,240.16601832658512,578.1660183265851,43.07260190634929,435.5530390875435,0.0988917492036876,False
1181.0,767.0,766.5172127929239,0.09440856930928021,240.42069785012438,578.4206978501244,42.475097969458375,449.9072306700356,0.09440856930928021,False
1183.0,765.0,766.6401675466218,0.07490510057161259,240.54365260382224,578.5436526038222,42.331704147093774,565.137805357097,0.07490510057161259,False
1185.0,767.0,766.8168331952104,0.09663379728613108,240.72031825241083,578.7203182524108,42.07242633693488,435.3800380249895,0.09663379728613108,False
1187.0,767.0,767.0267027357663,0.08844190409706698,240.93018779296676,578.9301877929668,40.98492609524794,463.4107159233712,0.08844190409706698,False
1189.0,768.0,767.1706008115987,0.07756664775951094,241.0740858687991,579.0740858687991,41.77638223665736,538.5869241917173,0.07756664775951094,False
1191.0,767.0,767.3369693268044,0.10196779964221037,241.2404543840048,579.2404543840048,41.50198898160079,407.01073404766026,0.10196779964221037,False
1193.0,767.0,767.5784720101675,0.11026877263404344,241.48195706736794,579.481957067368,40.72986916638138,369.3690261843613,0.11026877263404344,False
1195.0,766.0,767.7780444173405,0.09312142763647557,241.68152947454098,579.681529474541,39.95731463104596,429.08829519914616,0.09312142763647557,False
1197.0,769.0,767.9509577207134,0.0974300798464185,241.85444277791385,579.8544427779138,40.62283609028782,416.94347530375245,0.0974300798464185,False
1199.0,770.0,768.1677647367262,0.12233299882194615,242.07124979392665,580.0712497939267,40.826394840367016,333.73166057826495,0.12233299882194615,False
1201.0,767.0,768.4402897160012,0.09455037305292535,242.34377477320163,580.3437747732016,40.55959084364724,428.9733560431716,0.09455037305292535,False
1203.0,772.0,768.5459662289379,0.05152929883502111,242.44945128613836,580.4494512861384,40.03540384816108,776.9444714615761,0.05152929883502111,False
1205.0,770.0,768.6464069113413,0.08484227060517924,242.54989196854171,580.5498919685417,41.092657687616565,484.3417955990919,0.08484227060517924,False
1207.0,771.0,768.8853353113586,0.09036170862603399,242.78882036855907,580.7888203685591,40.19173729986176,444.7872656569286,0.09036170862603399,False
1209.0,767.0,769.0078537458454,0.07043282865743095,242.91133880304585,580.9113388030459,40.24748137407096,571.4307112358846,0.07043282865743095,False
1211.0,768.0,769.1670666259884,0.0881255726689858,243.0705516831888,581.0705516831888,41.22218012057431,467.7663800882364,0.0881255726689858,False
1213.0,767.0,769.3603560365214,0.09429948950656808,243.2638410937218,581.2638410937218,40.03467584130931,424.54817147786196,0.09429948950656808,False
1215.0,771.0,769.5442645840146,0.09714647235915663,243.44774964121507,581.4477496412151,39.90310438003394,410.75196464684427,0.09714647235915663,False
1217.0,768.0,769.748941925958,0.07837383830010936,243.65242698315842,581.6524269831584,39.63388786426788,505.7030346338489,0.07837383830010936,False
1219.0,770.0,769.8577599372151,0.06659321959946851,243.7612449944155,581.7612449944155,38.65287511096767,580.4325927391587,0.06659321959946851,False
1221.0,768.0,770.0153148043559,0.08244251494394916,243.9187998615563,581.9187998615563,41.43777848534853,502.62632712649724,0.08244251494394916,False
1223.0,772.0,770.1875299969909,0.06072472620965641,244.0910150541913,582.0910150541913,38.32330954778297,631.0989269094279,0.06072472620965641,False
1225.0,770.0,770.2582137091945,0.03813429905318344,244.16169876639492,582.1616987663949,39.22637680478556,1028.6376773329193,0.03813429905318344,False
1227.0,769.0,770.3400671932036,0.04551900170164913,244.24355225040404,582.243552250404,39.873968714292346,875.985132003625,0.04551900170164913,False
1229.0,772.0,770.4402897160011,0.06245909507390479,244.34377477320152,582.3437747732015,38.871220295825765,622.346837555545,0.06245909507390479,False
1231.0,772.0,770.5899035734992,0.05832497054848318,244.49338863069966,582.4933886306997,40.12297121291704,687.9209853962025,0.05832497054848318,False
1233.0,769.0,770.673589598195,0.033225707927925896,244.57707465539545,582.5770746553954,38.62394365428963,1162.4716541201692,0.033225707927925896,False
1235.0,771.0,770.7228064052109,-0.010711636633317312,244.62629146241136,582.6262914624114,40.20586511683075,3753.475448539305,0.010711636633317312,False
1237.0,772.0,770.6307430516617,-0.022219555827007298,244.53422810886218,582.5342281088622,37.91599605855515,1706.424572739174,0.022219555827007298,False
1239.0,771.0,770.6339281819029,0.019339849033514156,244.53741323910333,582.5374132391033,39.18907804015396,2026.3383634610043,0.019339849033514156,False
1241.0,768.0,770.7081024477958,0.005475806099752845,244.61158750499624,582.6115875049962,39.06624212274585,7134.336280554043,0.005475806099752845,False
1243.0,772.0,770.6558314063019,0.025851913259714365,244.55931646350234,582.5593164635023,38.4427070602394,1487.0352795181918,0.025851913259714365,False
1245.0,772.0,770.8115101008347,0.05878310572015266,244.7149951580351,582.7149951580351,39.21892612297711,667.180232185855,0.05878310572015266,False
1247.0,770.0,770.8909638291825,0.03109865177364668,244.79444888638295,582.794448886383,38.75252276314177,1246.115845960276,0.03109865177364668,False
1249.0,772.0,770.9359047079292,0.0012871416728330587,244.83938976512968,582.8393897651297,38.516255635107086,29923.866539361603,0.0012871416728330587,False
1251.0,772.0,770.8961123958738,-0.01928530913215809,244.79959745307428,582.7995974530743,38.5104873958154,1996.8820376127385,0.01928530913215809,False
1253.0,771.0,770.8587634714006,-0.036574457873399524,244.76224852860105,582.762248528601,37.19748790068468,1017.0345662932787,0.036574457873399524,False
1255.0,771.0,770.7498145643802,-0.0232339979928895,244.6532996215807,582.6532996215807,37.059928485588784,1595.0732412446,0.0232339979928895,False
1257.0,770.0,770.765827479429,-0.023823028927949963,244.6693125366295,582.6693125366295,37.584740547853926,1577.6642282358257,0.023823028927949963,False
1259.0,771.0,770.6545224486684,-0.11545006326633711,244.5580075058689,582.5580075058689,36.33226258029356,314.7011058493487,0.11545006326633711,True
1261.0,770.0,770.3040272263637,-0.17176796544353579,244.20751228356414,582.2075122835641,37.08546279134441,215.90441905499128,0.17176796544353579,False
1263.0,770.0,769.9674505868943,-0.12675073083465804,243.87093564409474,581.8709356440947,37.06047496709243,292.38864914661946,0.12675073083465804,False
1265.0,770.0,769.7970243030251,-0.09506304812600774,243.7005093602255,581.7005093602255,36.42863969705581,383.20504565316486,0.09506304812600774,False
1267.0,771.0,769.5871983943903,-0.09149613857502459,243.4906834515907,581.4906834515907,36.00228667148792,393.4842194675454,0.09149613857502459,False
1269.0,770.0,769.431039748725,-0.028840699856033325,243.3345248059254,581.3345248059254,35.532844673233285,1232.038225514836,0.028840699856033325,False
1271.0,769.0,769.4718355949661,0.026440944194831673,243.37532065216658,581.3753206521666,35.39621156208716,1338.6893940423636,0.026440944194831673,False
1273.0,769.0,769.5368035255043,0.017234608839856946,243.44028858270474,581.4402885827047,35.740704562062206,2073.775209763268,0.017234608839856946,False
1275.0,769.0,769.5407740303256,0.03064051660189193,243.444259087526,581.444259087526,35.15142984724446,1147.2205349525339,0.03064051660189193,False
1277.0,771.0,769.6593655919119,0.08134080893577789,243.5628506491123,581.5628506491123,36.11704606453179,444.0212303893827,0.08134080893577789,False
1279.0,771.0,769.8661372660687,0.10637462367469652,243.76962232326912,581.7696223232691,35.91215386311592,337.6007606187978,0.10637462367469652,False
1281.0,770.0,770.0848640866107,0.08871460360401784,243.9883491438111,581.9883491438111,35.68744318227925,402.27247524626245,0.08871460360401784,False
1283.0,770.0,770.2209956804847,0.11185042977447779,244.1244807376852,582.1244807376852,34.151796900478075,305.33451654444053,0.11185042977447779,False
1285.0,769.0,770.5322658057086,0.1745167764736948,244.435750862909,582.435750862909,35.0651642911198,200.92718304595337,0.1745167764736948,False
1287.0,769.0,770.9190627863795,0.18077795715342404,244.82254784357997,582.82254784358,35.18270449790168,194.61833207929521,0.18077795715342404,False
1289.0,771.0,771.2553776343223,0.18349404424276372,245.1588626915227,583.1588626915227,35.83724594859723,195.30468193934587,0.18349404424276372,False
1291.0,769.0,771.6530389633506,0.22383175531220445,245.55652402055102,583.556524020551,35.09406412619842,156.78769117120402,0.22383175531220445,False
1293.0,769.0,772.1507046555711,0.22627514289456485,246.05418971277152,584.0541897127715,35.05776044834704,154.9342097407604,0.22627514289456485,False
1295.0,769.0,772.5581395349288,0.2091168899167144,246.46162459212928,584.4616245921293,35.23552787048584,168.4968052294542,0.2091168899167144,False
1297.0,769.0,772.9871722152379,0.20883328242942412,246.89065727243838,584.8906572724384,34.35563294036865,164.5122489130977,0.20883328242942412,False
1299.0,769.0,773.3934726646465,0.2149962912866954,247.29695772184698,585.296957721847,33.71416829599332,156.8127900915082,0.2149962912866954,False
1301.0,778.0,773.8471573803847,0.22760591648849982,247.75064243758516,585.7506424375852,45.573913728190064,200.23167425216192,0.22760591648849982,False
1303.0,777.0,774.3038963306005,0.21805052576462458,248.20738138780098,586.207381387801,44.35415880165999,203.4122992647046,0.21805052576462458,False
1305.0,778.0,774.7193594834432,0.21494175138536775,248.62284454064365,586.6228445406437,45.015033182928846,209.42898665704863,0.21494175138536775,False
1307.0,779.0,775.163663336142,0.2205157293076354,249.06714839334245,587.0671483933424,43.83812089934611,198.7981584669126,0.2205157293076354,False
1309.0,778.0,775.6014224006738,0.20839696321826295,249.5049074578742,587.5049074578742,44.158097641968766,211.89415123923914,0.20839696321826295,False
1311.0,777.0,775.9972511890151,0.19240586413016558,249.9007362462155,587.9007362462155,45.34187541298229,235.65745055622526,0.19240586413016558,False
1313.0,778.0,776.3710458571944,0.178280029669736,250.27453091439486,588.2745309143949,44.92611545207342,251.99746452420447,0.178280029669736,False
1315.0,778.0,776.710371307694,0.16017278240761357,250.61385636489445,588.6138563648944,43.32808698982501,270.5084243311832,0.16017278240761357,False
1317.0,778.0,777.0117369868249,0.16095815698764682,250.9152220440253,588.9152220440253,43.28293257173357,268.9079782086188,0.16095815698764682,False
1319.0,778.0,777.3542039356446,0.1646886862428687,251.25768899284503,589.257688992845,43.78145249040938,265.8437169499565,0.1646886862428687,False
1321.0,778.0,777.6704917317963,0.1325428683625205,251.5739767889968,589.5739767889968,43.52486424970755,328.3832980787912,0.1325428683625205,False
1323.0,778.0,777.8843754090947,0.10695274662944598,251.78786046629511,589.7878604662951,47.09898023539881,440.3718625252363,0.10695274662944598,False
1325.0,778.0,778.0983027183141,0.0936559186700947,252.00178777551457,590.0017877755146,45.66756104338788,487.60998441810165,0.0936559186700947,False
1327.0,777.0,778.258999083775,0.05595793882804401,252.1624841409755,590.1624841409755,45.42405032765089,811.7534576682096,0.05595793882804401,False
1329.0,777.0,778.3221344736263,0.03726166063094638,252.22561953082675,590.2256195308267,43.68357067815271,1172.3463189365434,0.03726166063094638,False
1331.0,778.0,778.4080457262988,0.019274401151932352,252.31153078349928,590.3115307834993,44.706166275801365,2319.458120820493,0.019274401151932352,False
1333.0,776.0,778.399232078234,-0.02300493040709739,252.30271713543448,590.3027171354345,45.15009454158951,1962.6268692236504,0.02300493040709739,False
1335.0,778.0,778.3160260046704,-0.06096470177584479,252.2195110618709,590.2195110618709,42.25704016450129,693.1394550222211,0.06096470177584479,False
1337.0,778.0,778.1553732711307,-0.10045159038355678,252.0588583283311,590.0588583283311,41.7610018990033,415.73261049970677,0.10045159038355678,False
1339.0,778.0,777.9142196431362,-0.14146559623023336,251.81770470033666,589.8177047003367,42.5113002467931,300.50628124174114,0.14146559623023336,False
1341.0,778.0,777.5895108862097,-0.0830533618394611,251.49299594341016,589.4929959434102,40.445799966735535,486.9857049846541,0.0830533618394611,False
1343.0,777.0,777.5820061957784,-0.009424494960512675,251.48549125297882,589.4854912529788,42.25551671345477,4483.584201646827,0.009424494960512675,False
1345.0,778.0,777.5518129063677,-0.028524368428008984,251.4552979635681,589.4552979635681,41.05673085908779,1439.3563511391503,0.028524368428008984,False
1347.0,777.0,777.4679087220663,-0.024204808237726638,251.37139377926678,589.3713937792668,40.57939795484288,1676.5015263204652,0.024204808237726638,False
1349.0,778.0,777.4549936734168,-0.01699463327366857,251.3584787306172,589.3584787306172,40.288197414679416,2370.6423531422606,0.01699463327366857,False
1351.0,778.0,777.3999301889717,-0.03997774772025764,251.3034152461721,589.3034152461721,38.38069947891324,960.0515703756083,0.03997774772025764,False
1353.0,777.0,777.2950826825357,-0.04624983638029789,251.19856773973618,589.1985677397362,40.22947978791001,869.8296672255361,0.04624983638029789,False
1355.0,777.0,777.2149308434505,-0.03357476329679798,251.11841590065092,589.1184159006509,38.20462360203271,1137.8970348742944,0.03357476329679798,False
1357.0,777.0,777.1607836293485,-0.03853789432349686,251.06426868654898,589.064268686549,39.90408693785116,1035.4506295254778,0.03853789432349686,False
1359.0,777.0,777.0607792661565,-0.0427374667306708,250.96426432335693,588.9642643233569,36.73546474011175,859.561119324565,0.0427374667306708,False
1361.0,777.0,776.9898337624259,-0.04617348051834824,250.8933188196263,588.8933188196263,36.05164972883006,780.7869219324714,0.04617348051834824,False
1363.0,778.0,776.8760853440831,-0.048845935686557596,250.77957040128354,588.7795704012835,36.22801509553096,741.6792121253378,0.048845935686557596,False
1365.0,777.0,776.7944500196796,-0.05075483223524202,250.69793507688007,588.6979350768801,36.42341855155405,717.6344979870343,0.05075483223524202,False
1367.0,776.0,776.6730660151421,-0.06221911950780168,250.57655107234257,588.5765510723426,36.04202463647118,579.2757101288112,0.06221911950780168,False
1369.0,777.0,776.5455735416484,-0.06718225053452898,250.44905859884886,588.4490585988489,33.6401300799065,500.72943094719375,0.06718225053452898,False
1371.0,777.0,776.404337013004,-0.06340808935817677,250.30782207020445,588.3078220702045,35.58769936980673,561.2485682825188,0.06340808935817677,False
1373.0,776.0,776.2919411842157,-0.07727213229199492,250.19542624141616,588.1954262414162,34.93805628782718,452.1430333487332,0.07727213229199492,False
1375.0,776.0,776.095248483836,-0.07431606963658055,249.99873354103647,587.9987335410365,33.03986116778617,444.5856909462147,0.07431606963658055,False
1377.0,776.0,775.9946769056694,-0.0521946856320028,249.89816196286984,587.8981619628698,33.334220304536075,638.651615598532,0.0521946856320028,False
1379.0,776.0,775.886469741308,-0.05546707971552678,249.78995479850846,587.7899547985085,33.76228599881233,608.6905272815603,0.05546707971552678,False
1381.0,776.0,775.7728085868073,-0.05764867577119048,249.67629364400773,587.6762936440077,33.20380072004207,575.9681428213383,0.05764867577119048,False
1383.0,775.0,775.6558750382233,-0.060975609756070526,249.5593600954237,587.5593600954237,31.155407967332053,510.9486906644722,0.060975609756070526,False
1385.0,774.0,775.528906147783,-0.06544788167025217,249.43239120498345,587.4323912049834,32.11439141464064,490.6864912212659,0.06544788167025217,False
1387.0,776.0,775.3940835115422,-0.07691216894278341,249.2975685687427,587.2975685687427,30.96584304196529,402.61305158357237,0.07691216894278341,False
1389.0,775.0,775.2212574720119,-0.06899297526069859,249.1247425292123,587.1247425292123,29.801331113615788,431.94732508647047,0.06899297526069859,False
1391.0,775.0,775.1181116104995,-0.05190017016448678,249.0215966676999,587.0215966676999,29.08044764989768,560.3150732980886,0.05190017016448678,False
1393.0,775.0,775.0136567913539,-0.0622191195078301,248.91714184855437,586.9171418485544,33.079346529630016,531.658866137877,0.0622191195078301,False
1395.0,775.0,774.8692351324681,-0.06549151359135408,248.77272018966858,586.7727201896686,30.47372749445969,465.3080349403118,0.06549151359135408,False
1397.0,774.0,774.7516907369885,-0.06980016580135384,248.65517579418895,586.655175794189,31.365648231890987,449.36352044141734,0.06980016580135384,False
1399.0,775.0,774.5900344692627,-0.08099175356693422,248.49351952646316,586.4935195264632,29.294568078351176,361.6981580000141,0.08099175356693422,False
1401.0,774.0,774.4277237227208,-0.06460796718877759,248.3312087799212,586.3312087799212,29.067445853430627,449.9049748539317,0.06460796718877759,False
1403.0,775.0,774.3316026005076,-0.0491513591343562,248.23508765770805,586.235087657708,28.97443289725379,589.4940324651373,0.0491513591343562,False
1405.0,774.0,774.2311182861833,-0.0586522099567901,248.1346033433838,586.1346033433838,28.18335602210413,480.51652346718396,0.0586522099567901,False
1407.0,775.0,774.0969937606804,-0.08513678607272368,248.0004788178809,586.0004788178809,29.772286972179813,349.6994465676492,0.08513678607272368,False
1409.0,774.0,773.8905711418925,-0.10347678597719323,247.7940561990929,585.7940561990929,28.544247204980135,275.8516988657864,0.10347678597719323,False
1411.0,774.0,773.6830866167717,-0.09693887087274788,247.58657167397212,585.5865716739721,28.335444529134293,292.30219285646893,0.09693887087274788,False
1413.0,774.0,773.5028156584015,-0.09310118693392155,247.4063007156019,585.4063007156019,28.799481493266285,309.3352774729572,0.09310118693392155,False
1415.0,774.0,773.310681869036,-0.08718565122561017,247.21416692623643,585.2141669262364,27.832035325366974,319.2272459300219,0.08718565122561017,False
1417.0,773.0,773.154073053499,-0.07612048028514096,247.05755811069946,585.0575581106995,30.184297619496533,396.53319982255334,0.07612048028514096,False
1419.0,773.0,773.0061999478954,-0.07101967930603337,246.90968500509587,584.9096850050959,25.72312367982795,362.1971252360003,0.07101967930603337,False
1421.0,773.0,772.8699943362749,-0.06346944086246253,246.77347939347533,584.7734793934753,28.04229487347186,441.82356882959084,0.06346944086246253,False
1423.0,773.0,772.7523221844456,-0.058238383127559246,246.65580724164602,584.655807241646,27.51416253835805,472.44035738584836,0.058238383127559246,False
1425.0,772.0,772.6370408037646,-0.06318785096198098,246.5405258609651,584.5405258609651,27.485919271204807,434.98740426767483,0.06318785096198098,False
1427.0,773.0,772.4995707805977,-0.049160672336370226,246.4030558377981,584.4030558377981,27.75233305507311,564.5230574794494,0.049160672336370226,False
1429.0,773.0,772.4403981144192,-0.03562242621535461,246.3438831716196,584.3438831716196,26.63492611460572,747.701067680928,0.03562242621535461,False
1431.0,772.0,772.3570810757362,-0.03555923067690969,246.26056613293667,584.2605661329367,28.596172445596267,804.1842273085264,0.03555923067690969,False
1433.0,772.0,772.2981611917115,-0.024861225679927657,246.20164624891197,584.201646248912,25.021408815786454,1006.4430908564627,0.024861225679927657,False
1435.0,772.0,772.2576361730165,-0.014943157876757596,246.16112123021696,584.161121230217,25.56146005517678,1710.5795351954864,0.014943157876757596,False
1437.0,771.0,772.2383885602045,-0.01853771096375567,246.14187361740494,584.1418736174049,24.36378332604465,1314.282188004761,0.01853771096375567,False
1439.0,772.0,772.1834853291615,-0.014842929791683446,246.08697038636194,584.0869703863619,23.0738056402156,1554.5317510794903,0.014842929791683446,False
1441.0,772.0,772.1790168410378,-0.010312023208626897,246.0825018982382,584.0825018982382,24.107449498666146,2337.80015918682,0.010312023208626897,False
1443.0,770.0,772.142237236327,-0.0034978820087019358,246.04572229352743,584.0457222935274,22.880892036374348,6541.356163373118,0.0034978820087019358,False
1445.0,771.0,772.165025313003,0.0029967654755580497,246.0685103702034,584.0685103702034,24.285573397297757,8103.928584126311,0.0029967654755580497,False
1447.0,771.0,772.1542242982292,0.010388826612228286,246.05770935542967,584.0577093554297,21.837648408605787,2102.0322336404706,0.010388826612228286,False
1449.0,772.0,772.2065806194519,0.03052733776394234,246.1100656766523,584.1100656766523,26.056360950182462,853.5418696405025,0.03052733776394234,False
1450.0,773.4039646845448,772.2392825457922,0.029124302002173863,246.14276760299265,584.1427676029926,23.395660541177335,803.3037337489175,0.029124302002173863,False
1452.0,773.3703147211464,772.283220652444,0.02321360775678727,246.18670570964446,584.1867057096445,22.01513999605629,948.372188705542,0.02321360775678727,False
1454.0,773.3083119510596,772.3321369768194,0.02969777705055776,246.2356220340198,584.2356220340198,24.37922367717357,820.9107245862261,0.02969777705055776,False
1456.0,772.7997845033128,772.4020117606462,0.029174765698655847,246.3054968178467,584.3054968178467,25.20724216965806,864.0083841639702,0.029174765698655847,False
1458.0,773.0223463502974,772.448836039614,0.023895702576936628,246.35232109681442,584.3523210968144,23.178002554260615,969.96530985581,0.023895702576936628,False
1460.0,773.255985331555,772.497594570954,0.02446156239571451,246.40107962815443,584.4010796281544,22.436487713185045,917.2140090739158,0.02446156239571451,False
1462.0,773.378929397132,772.5466822891968,0.02426398892109205,246.45016734639728,584.4501673463973,21.628621641518464,891.3877150148742,0.02426398892109205,False
1464.0,772.7938957575532,772.5946505266384,0.014187599134231732,246.4981355838388,584.4981355838388,20.90871831006109,1473.731962133938,0.014187599134231732,False
1466.0,772.560366473441,772.6034326857338,0.013025841193268661,246.5069177429342,584.5069177429342,22.01815299202906,1690.3440373131016,0.013025841193268661,False
1468.0,772.7269508331335,772.6467538914114,0.023038192795411305,246.55023894861188,584.5502389486119,28.927952624114937,1255.6519897635694,0.023038192795411305,False
1470.0,772.875643537845,772.6955854569154,0.014631403097496332,246.59907051411585,584.5990705141159,22.02281611243069,1505.1745868582589,0.014631403097496332,False
1472.0,772.592760409954,772.7052795038014,0.0022141332881631115,246.60876456100186,584.6087645610019,14.683143082686856,6631.553376295733,0.0022141332881631115,False
1474.0,772.4497528877458,772.7044419900681,-0.003922807559320063,246.6079270472685,584.6079270472685,24.322878872389936,6200.375242624902,0.003922807559320063,False
1476.0,772.2124416976883,772.6895882735641,-0.017659981246339385,246.59307333076458,584.5930733307646,19.1463470800457,1084.16576512585,0.017659981246339385,False
1478.0,772.4313717609787,772.6338020650827,-0.019424762866776746,246.53728712228315,584.5372871222831,15.263778434535025,785.789692220208,0.019424762866776746,False
1480.0,772.3459319972288,772.611889222097,-0.015254530583064252,246.51537427929748,584.5153742792975,14.857636703880244,973.9819015063863,0.015254530583064252,False
1482.0,772.5553341801456,772.5727839427504,-0.04191064488935581,246.4762689999509,584.4762689999509,14.012775769544305,334.34884637394777,0.04191064488935581,False
1484.0,772.2770223751235,772.4442466425396,-0.05856826760293643,246.34773169974005,584.34773169974,16.746396714755434,285.9295212261976,0.05856826760293643,False
1486.0,772.5631315321319,772.3385108723387,-0.05759458103958082,246.24199592953914,584.2419959295391,26.398047540231943,458.3425569515016,0.05759458103958082,False
1488.0,772.2320877758029,772.2138683183813,-0.06119557280575805,246.11735337558173,584.1173533755817,26.788165050806413,437.7467817130367,0.06119557280575805,False
1490.0,772.1315125919626,772.0937285811157,-0.04644235377824657,245.9972136383161,583.9972136383161,20.107422534714175,432.95442411733274,0.04644235377824657,False
1492.0,772.0728886476857,772.0280989032683,-0.03223774464314033,245.93158396046874,583.9315839604687,23.685788928677283,734.7222701485488,0.03223774464314033,False
1494.0,772.2176107891128,771.9647776025431,-0.03257331969192023,245.86826265974355,583.8682626597436,25.12350042534308,771.2907576802781,0.03257331969192023,False
1496.0,771.9321585323419,771.8978056245006,-0.04108603830192692,245.80129068170106,583.8012906817011,19.3291189657335,470.4546791221526,0.04108603830192692,False
1498.0,771.6801774700028,771.8004334493354,-0.04435189621503355,245.70391850653584,583.7039185065358,15.762209940356145,355.38976426025675,0.04435189621503355,False
1500.0,771.6035222599322,771.7203980396405,-0.03622971075193959,245.62388309684093,583.6238830968409,23.96201534707123,661.3912959762838,0.03622971075193959,False
1502.0,771.5741503897273,771.6555146063276,-0.02929922577857269,245.55899966352808,583.5589996635281,18.062283020105838,616.4764610713798,0.02929922577857269,False
1504.0,771.6007019713612,771.6032011365262,-0.029050042471254756,245.50668619372664,583.5066861937266,19.866928541456545,683.8863854025352,0.029050042471254756,False
1506.0,771.5542230585963,771.5393144364426,-0.031135665502034726,245.44279949364307,583.4427994936431,28.58963373497059,918.2278031957354,0.031135665502034726,False
1508.0,771.4972494819589,771.478658474518,-0.028301956675790052,245.3821435317185,583.3821435317185,17.530112381481302,619.3957747266585,0.028301956675790052,False
1510.0,771.3426462072442,771.4261066097395,-0.02578553990178989,245.3295916669399,583.3295916669399,9.570928304097436,371.1742449663842,0.02578553990178989,False
1512.0,771.2719357701516,771.3755163149109,-0.027060015177113428,245.27900137211134,583.2790013721113,18.822265192324664,695.5748202330643,0.027060015177113428,False
1514.0,771.3067112322682,771.317866549031,-0.028153095868162836,245.22135160623145,583.2213516062315,22.61874241494202,803.419365346623,0.028153095868162836,False
1516.0,771.4682429304095,771.2629039314382,-0.030177257609665276,245.1663889886387,583.1663889886387,15.86716883402869,525.7988992660055,0.030177257609665276,False
1518.0,771.2375020254979,771.1971575185923,-0.03253858476571736,245.1006425757928,583.1006425757928,19.692718479606672,605.2112782838334,0.03253858476571736,False
1520.0,770.9026418855017,771.1327495923754,-0.03516242336462483,245.03623464957582,583.0362346495758,25.0844718225933,713.3885956173756,0.03516242336462483,False
1522.0,771.0694070696773,771.0565078251338,-0.0342527104413648,244.9599928823343,582.9599928823343,23.41966853188498,683.7318340683064,0.0342527104413648,False
1524.0,770.9759183122603,770.9957387506099,-0.03014097092011525,244.89922380781036,582.8992238078104,19.256914515391728,638.894963484411,0.03014097092011525,False
1526.0,770.6486844389578,770.9359439414534,-0.025812889524530647,244.83942899865383,582.8394289986538,14.33526895891518,555.353128726329,0.025812889524530647,False
1528.0,770.5256922050513,770.8924871925118,-0.024332591855085184,244.79597224971224,582.7959722497122,10.41230742070853,427.91608402096705,0.024332591855085184,False
1530.0,770.9276730309729,770.838613574033,-0.02531285165784425,244.7420986312335,582.7420986312335,9.15083475044969,361.50943695093,0.02531285165784425,False
1532.0,770.7009951990278,770.7912357858804,-0.02233054718132621,244.69472084308086,582.6947208430809,18.241152609186017,816.8699343131221,0.02233054718132621,False
1534.0,770.6157484051901,770.7492913853077,-0.02404196291965377,244.65277644250818,582.6527764425082,17.477065475719712,726.9400395519535,0.02404196291965377,False
1536.0,770.6828978886757,770.6950679342018,-0.031365072440053154,244.59855299140224,582.5985529914022,11.513000048199629,367.0643538351132,0.031365072440053154,False
1538.0,771.044202724688,770.6238310955475,-0.03512534830545633,244.52731615274797,582.527316152748,21.310654200954232,606.7030002274415,0.03512534830545633,False
1540.0,770.8453216086558,770.55456654098,-0.03094487972137472,244.45805159818042,582.4580515981804,18.15106725678362,586.5612476188116,0.03094487972137472,False
1542.0,770.7640881948917,770.500051576662,-0.03242992924896271,244.40353663386247,582.4035366338625,10.02116662281135,309.00982070850137,0.03242992924896271,False
1544.0,770.6971892959364,770.4248468239841,-0.04310535235970292,244.32833188118457,582.3283318811846,18.61077484553219,431.75090393021566,0.04310535235970292,False
1546.0,770.5248890604356,770.3276301672232,-0.046743271313886225,244.23111522442366,582.2311152244237,21.400586278911135,457.8324468393287,0.046743271313886225,False
1548.0,770.1645558831995,770.2378737387286,-0.03972645682299003,244.14135879592902,582.141358795929,13.972571410928936,351.7195473330733,0.03972645682299003,False
1550.0,770.0323351131593,770.1687243399313,-0.035881663207192105,244.0722093971317,582.0722093971317,70.49208386703481,1964.5712479934712,0.035881663207192105,False
1552.0,770.1131315742477,770.0943470858998,-0.040219320126794855,243.99783214310025,581.9978321431003,80.51913034984148,2002.001279385082,0.040219320126794855,False
1554.0,770.0227443642185,770.0078470594241,-0.04130590463734052,243.91133211662452,581.9113321166245,50.14763978222952,1214.054993408765,0.04130590463734052,False
1556.0,769.7408852183339,769.9291234673505,-0.03685336853371268,243.8326085245509,581.8326085245509,39.01827257554217,1058.7437221606779,0.03685336853371268,False
1558.0,769.6743031236718,769.8604335852892,-0.03651456649467377,243.76391864248967,581.7639186424897,9.73867948863278,266.70669881986197,0.03651456649467377,True
1560.0,769.7654226613806,769.7830652013718,-0.039771908565370495,243.6865502585722,581.6865502585722,17.103545477499573,430.0408528141814,0.039771908565370495,False
1562.0,769.9971392035535,769.7013459510277,-0.03894453926039887,243.6048310082282,581.6048310082282,23.381382484909125,600.3764052405855,0.03894453926039887,False
1564.0,769.8328458971711,769.6272870443302,-0.041652130163754464,243.5307721015306,581.5307721015306,21.158614419167044,507.98396951086056,0.041652130163754464,False
1566.0,769.5435650420284,769.5347374303727,-0.05021660210312007,243.43822248757317,581.4382224875732,21.69143736384479,431.9574892642339,0.05021660210312007,False
1568.0,769.3795169722786,769.4264206359177,-0.05010034140710218,243.32990569311812,581.3299056931181,21.527876714844474,429.69520985724665,0.05010034140710218,False
1570.0,769.33183630799,769.3343360647443,-0.03858546783737893,243.23782112194476,581.2378211219448,24.547330111730155,636.1807044866358,0.03858546783737893,False
1572.0,768.9896416219294,769.2720787645682,-0.037625880559119196,243.1755638217686,581.1755638217686,59.4383811291761,1579.7206668900224,0.037625880559119196,False
1574.0,768.6537720158911,769.1838325425078,-0.04508587483434212,243.08731759970829,581.0873175997083,60.141947261667326,1333.9421156325645,0.04508587483434212,False
1576.0,769.0623514715085,769.0917352652308,-0.04160864000292008,242.99522032243124,580.9952203224312,78.07939116916947,1876.5187029350125,0.04160864000292008,False
1578.0,769.2638333696824,769.0173979824962,-0.03225091469602148,242.9208830396966,580.9208830396966,76.15806213403485,2361.423322465636,0.03225091469602148,False
1580.0,768.9336020017766,768.9627316064467,-0.0318951001663379,242.86621666364715,580.8662166636472,22.2919337510231,698.9140537188223,0.0318951001663379,False
1582.0,768.3079959817676,768.8898175818308,-0.03241201490826029,242.79330263903125,580.7933026390313,81.93556530430804,2527.9380358246885,0.03241201490826029,False
1584.0,768.6890793928917,768.8330835468137,-0.024857318793351624,242.7365686040141,580.7365686040141,78.06243139289684,3140.420414681874,0.024857318793351624,False
1586.0,769.3186874080067,768.7903883066574,-0.0238083631334689,242.69387336385785,580.6938733638578,8.269171149654738,347.32211968114046,0.0238083631334689,False
1588.0,769.155817979064,768.7378500942798,-0.0321546860789681,242.64133515148023,580.6413351514802,13.963824563895473,434.27028115286134,0.0321546860789681,False
1590.0,768.5473724998132,768.6617695623415,-0.03676043521539896,242.56525461954197,580.565254619542,21.513311677830615,585.2300592137353,0.03676043521539896,False
1592.0,768.4690753292339,768.5908083534182,-0.031015030770021212,242.49429341061864,580.4942934106186,16.494413227281356,531.819985915496,0.031015030770021212,False
1594.0,768.6854857827227,768.5377094392614,-0.021640479417612823,242.4411944964619,580.4411944964619,10.738795909269072,496.23650668889275,0.021640479417612823,False
1596.0,768.496299397023,768.5042464357477,-0.0210785684429311,242.4077314929482,580.4077314929482,18.659414226347764,885.2315695378913,0.0210785684429311,False
1598.0,768.3943286369604,768.4533951654897,-0.027225813604417226,242.35688022269017,580.3568802226902,24.677267476652702,906.3922876724963,0.027225813604417226,False
1600.0,768.4282882906168,768.3953431813301,-0.029181007569746953,242.29882823853052,580.2988282385305,96.16595487125734,3295.4980955131996,0.029181007569746953,False
1602.0,768.1789417472855,768.3366711352107,-0.02557904956307766,242.24015619241118,580.2401561924112,93.02207421158555,3636.650923334509,0.02557904956307766,False
1604.0,768.0736265997893,768.2930269830778,-0.022359827461571058,242.1965120402782,580.1965120402782,55.17197918324929,2467.4599693611754,0.022359827461571058,False
1606.0,768.5023340827739,768.2472318253645,-0.021567108087367615,242.1507168825649,580.1507168825649,64.77707222320316,3003.5121983343092,0.021567108087367615,False
1608.0,768.6745129443653,768.2067585507283,-0.02221145631511945,242.11024360792874,580.1102436079287,28.24436081736019,1271.612289471272,0.02221145631511945,False
1610.0,768.1014471273983,768.158386000104,-0.026908737938015292,242.06187105730442,580.0618710573044,18.031285936871384,670.0903616664126,0.026908737938015292,False
1612.0,767.6182465821834,768.0991235989762,-0.03505433097700461,242.00260865617668,580.0026086561767,17.44354208720823,497.6144630645231,0.03505433097700461,False
1614.0,768.0810439537383,768.018168676196,-0.041206755538098605,241.9216537333964,579.9216537333964,22.766542897890474,552.49540034379,0.041206755538098605,False
1616.0,768.1403595627784,767.9342965768238,-0.03650190614013127,241.83778163402428,579.8377816340243,31.87991219548521,873.376641567644,0.03650190614013127,False
1618.0,767.7520384976675,767.8721610516354,-0.027268725294447904,241.77564610883587,579.7756461088359,33.26955820620426,1220.062831942429,0.027268725294447904,False
1620.0,767.6308472406174,767.825221675646,-0.02775713506227362,241.7287067328465,579.7287067328465,44.315148886953466,1596.5318029952173,0.02775713506227362,False
1622.0,768.0797994325594,767.7611325113863,-0.03952404421144706,241.66461756858678,579.6646175685868,122.09490338126017,3089.1298149570107,0.03952404421144706,False
1624.0,767.720610571278,767.6671254988003,-0.04519139185143217,241.5706105560007,579.5706105560007,112.62147366255607,2492.1001334236835,0.04519139185143217,False
1626.0,767.3651770447561,767.5803669439806,-0.03568906080451484,241.48385200118105,579.483852001181,46.813631733947915,1311.7081446992229,0.03568906080451484,False
1628.0,767.5419682559833,767.5243692555822,-0.026133987505318146,241.42785431278264,579.4278543127826,30.23574927112857,1156.9512407923105,0.026133987505318146,False
1630.0,767.9439228097991,767.4758309939593,-0.02814184410743792,241.37931605115978,579.3793160511598,13.719640184690768,487.51745380696826,0.02814184410743792,False
1632.0,767.7920809586973,767.4118018791524,-0.031142475068890008,241.3152869363529,579.3152869363529,76.11574100531843,2444.113412210925,0.031142475068890008,False
1634.0,767.4696963751696,767.3512610936838,-0.028763460537732044,241.25474615088422,579.2547461508842,76.03637015945611,2643.505640071063,0.028763460537732044,False
1636.0,766.8427497562145,767.2967480370015,-0.02783047398816052,241.20023309420196,579.200233094202,80.73035733261656,2900.7898811554705,0.02783047398816052,False
1638.0,766.9609734224864,767.2399391977311,-0.027769994185888436,241.14342425493157,579.1434242549316,84.3520273440932,3037.524126921043,0.027769994185888436,False
1640.0,767.0311774011751,767.185668060258,-0.02294484741420888,241.0891531174584,579.0891531174584,26.559066443185458,1157.517675482053,0.02294484741420888,False
1642.0,767.1358449774447,767.1481598080743,-0.023167605690559867,241.05164486527474,579.0516448652747,22.845781725814728,986.1088811229089,0.023167605690559867,False
1644.0,767.0256696375346,767.0929976374957,-0.031388862091915826,240.99648269469617,578.9964826946962,50.097759557069594,1596.036180297604,0.031388862091915826,False
1646.0,767.014992981226,767.0226043597066,-0.03367686992368135,240.92608941690708,578.9260894169071,58.25961026536721,1729.959179620771,0.03367686992368135,False
1648.0,766.6032371488644,766.958290157801,-0.025801679990195225,240.86177521500144,578.8617752150014,30.36368435242658,1176.8103613394533,0.025801679990195225,False
1650.0,766.6060247950429,766.9193976397459,-0.023414162042428188,240.8228826969463,578.8228826969463,17.092478738300187,730.0059983922275,0.023414162042428188,False
1652.0,766.8426870401563,766.8646335096313,-0.03558754171675105,240.76811856683173,578.7681185668317,24.93622443448493,700.7009540854983,0.03558754171675105,False
1654.0,767.1233558604761,766.7770474728788,-0.04295952343306908,240.6805325300793,578.6805325300793,111.10794440676221,2586.3402460660054,0.04295952343306908,False
1656.0,766.8395462022296,766.692795415899,-0.03662875579561842,240.59628047309945,578.5962804730995,100.1724986422973,2734.8048402528616,0.03662875579561842,False
1658.0,766.5966508587906,766.6305324496964,-0.030771810170932667,240.53401750689682,578.5340175068968,36.62117409242663,1190.0883922330745,0.030771810170932667,False
1660.0,766.3707703061699,766.5697081752153,-0.030887799210148614,240.47319323241572,578.4731932324157,64.06951233585727,2074.2660200538453,0.030887799210148614,False
1662.0,766.4988232186239,766.5069812528558,-0.03146528640604629,240.41046631005622,578.4104663100562,48.26243844221338,1533.831213846488,0.03146528640604629,False
1664.0,766.6216237046367,766.4438470295911,-0.031683485407654643,240.34733208679154,578.3473320867915,18.28807720070693,577.2116598096427,0.031683485407654643,False
1666.0,766.7637254333098,766.3802473112252,-0.03193078149601547,240.2837323684256,578.2837323684256,15.826411509194333,495.64748395429206,0.03193078149601547,False
1668.0,766.6665962236121,766.316123903607,-0.03220717465987377,240.21960896080748,578.2196089608075,21.04567056367138,653.4466554712025,0.03220717465987377,False
1670.0,766.4615602664371,766.2514186125857,-0.03251266489925797,240.1549036697861,578.1549036697861,29.935889841594694,920.7454982343793,0.03251266489925797,False
1672.0,766.3321039256859,766.18607324401,-0.03284725221419649,240.08955830121045,578.0895583012104,26.120410962665115,795.2084025882673,0.03284725221419649,False
1674.0,766.1181931023594,766.1200296037289,-0.03321093660468932,240.02351466092932,578.0235146609293,12.469884850591553,375.4752538003047,0.03321093660468932,False
1676.0,766.1528640603375,766.0532294975912,-0.03360371807067963,239.9567145547917,577.9567145547917,62.84455774037765,1870.1667954776597,0.03360371807067963,False
1678.0,766.0308141733562,765.9856147314462,-0.03402559661219584,239.8890997886466,577.8890997886466,111.15044735118914,3266.671518445891,0.03402559661219584,False
1680.0,765.817777470684,765.9171271111425,-0.03447657222926637,239.8206121683429,577.8206121683429,69.06906729655385,2003.3623655289814,0.03447657222926637,False
1682.0,765.2859177892051,765.8477084425291,-0.03495664492186279,239.75119349972954,577.7511934997295,25.032453233778565,716.099994428316,0.03495664492186279,False
1684.0,765.3615415903407,765.777300531455,-0.03546581468995669,239.68078558865545,577.6807855886555,39.47565126032183,1113.0620177604621,0.03546581468995669,False
1686.0,765.5360670518414,765.7058451837693,-0.036004081533604904,239.6093302409697,577.6093302409697,37.82729504378568,1050.6390784744517,0.036004081533604904,False
1688.0,765.7866262946756,765.6332842053206,-0.03657144545280744,239.53676926252103,577.536769262521,47.27175614032787,1292.5864853039056,0.03657144545280744,False
1690.0,765.3359945102951,765.559559401958,-0.03716790644753587,239.46304445915848,577.4630444591585,47.65253211722232,1282.0881419427258,0.03716790644753587,False
1692.0,765.1791574873371,765.4846125795304,-0.0377934645177902,239.3880976367309,577.3880976367309,30.893911071549688,817.4405671913793,0.0377934645177902,False
1694.0,765.49882405781,765.4083855438869,-0.038448119663542,239.31187060108732,577.3118706010873,57.471308029137816,1494.7755191168515,0.038448119663542,False
1696.0,765.891266645893,765.3308201008763,-0.039131871884848124,239.23430515807672,577.2343051580767,50.77805404149624,1297.6137249687133,0.039131871884848124,False
1698.0,765.4577601494201,765.2518580563475,-0.03984472118168014,239.15534311354793,577.1553431135479,35.29787028574789,885.8857394132599,0.03984472118168014,False
1700.0,765.0210784362491,765.1714412161496,-0.040208420098963416,239.07492627335,577.07492627335,36.3070472799054,902.9712480755095,0.040208420098963416,False
