source_row,wavelength_nm,selected_x,delta_consecutive_x,delta_from_last_conserved_x,is_conserved
1,400,530,NaN,NaN,1
2,402,529,-1,-1,0
3,404,529,0,-1,0
4,406,528,-1,-2,0
5,408,530,2,0,0
6,410,531,1,1,0
7,411,531,0,1,0
8,413,532,1,2,0
9,415,540,8,10,1
10,417,532,-8,-8,1
11,419,544,12,12,1
12,421,543,-1,-1,0
13,423,544,1,0,0
14,425,543,-1,-1,0
15,427,546,3,2,0
16,429,547,1,3,1
17,431,551,4,4,1
18,433,552,1,1,0
19,435,549,-3,-2,0
20,437,556,7,5,1
21,439,553,-3,-3,1
22,441,558,5,5,1
23,443,556,-2,-2,0
24,445,560,4,2,0
25,447,561,1,3,1
26,449,560,-1,-1,0
27,451,562,2,1,0
28,453,564,2,3,1
29,455,565,1,1,0
30,457,564,-1,0,0
31,459,570,6,6,1
32,461,570,0,0,0
33,463,572,2,2,0
34,465,573,1,3,1
35,467,573,0,0,0
36,469,577,4,4,1
37,471,576,-1,-1,0
38,473,579,3,2,0
39,475,581,2,4,1
40,477,583,2,2,0
41,479,584,1,3,1
42,481,584,0,0,0
43,483,584,0,0,0
44,485,586,2,2,0
45,487,588,2,4,1
46,489,588,0,0,0
47,491,588,0,0,0
48,493,591,3,3,1
49,495,596,5,5,1
50,497,594,-2,-2,0
51,499,598,4,2,0
52,501,617,19,21,1
53,503,616,-1,-1,0
54,505,601,-15,-16,1
55,507,601,0,0,0
56,509,603,2,2,0
57,511,604,1,3,1
58,513,604,0,0,0
59,515,607,3,3,1
60,517,609,2,2,0
61,519,611,2,4,1
62,521,611,0,0,0
63,523,613,2,2,0
64,525,614,1,3,1
65,527,615,1,1,0
66,529,617,2,3,1
67,531,621,4,4,1
68,533,619,-2,-2,0
69,535,620,1,-1,0
70,537,621,1,0,0
71,539,620,-1,-1,0
72,541,621,1,0,0
73,543,625,4,4,1
74,545,625,0,0,0
75,547,627,2,2,0
76,549,628,1,3,1
77,551,627,-1,-1,0
78,553,629,2,1,0
79,555,629,0,1,0
80,557,630,1,2,0
81,559,631,1,3,1
82,561,630,-1,-1,0
83,563,632,2,1,0
84,565,634,2,3,1
85,567,636,2,2,0
86,569,634,-2,0,0
87,571,642,8,8,1
88,573,643,1,1,0
89,575,643,0,1,0
90,577,643,0,1,0
91,579,644,1,2,0
92,581,643,-1,1,0
93,583,644,1,2,0
94,585,645,1,3,1
95,587,645,0,0,0
96,589,645,0,0,0
97,591,645,0,0,0
98,593,646,1,1,0
99,595,647,1,2,0
100,597,647,0,2,0
101,599,648,1,3,1
102,601,650,2,2,0
103,603,651,1,3,1
104,605,651,0,0,0
105,607,652,1,1,0
106,609,653,1,2,0
107,611,655,2,4,1
108,613,654,-1,-1,0
109,615,656,2,1,0
110,617,655,-1,0,0
111,619,661,6,6,1
112,621,660,-1,-1,0
113,623,662,2,1,0
114,625,662,0,1,0
115,627,663,1,2,0
116,629,663,0,2,0
117,631,663,0,2,0
118,633,664,1,3,1
119,635,664,0,0,0
120,637,665,1,1,0
121,639,664,-1,0,0
122,641,666,2,2,0
123,643,666,0,2,0
124,645,666,0,2,0
125,647,667,1,3,1
126,649,668,1,1,0
127,651,669,1,2,0
128,653,669,0,2,0
129,655,669,0,2,0
130,657,670,1,3,1
131,659,670,0,0,0
132,661,671,1,1,0
133,663,671,0,1,0
134,665,673,2,3,1
135,667,673,0,0,0
136,669,675,2,2,0
137,671,675,0,2,0
138,673,675,0,2,0
139,675,675,0,2,0
140,677,677,2,4,1
141,679,677,0,0,0
142,681,678,1,1,0
143,683,678,0,1,0
144,685,678,0,1,0
145,687,678,0,1,0
146,689,680,2,3,1
147,691,680,0,0,0
148,693,680,0,0,0
149,695,682,2,2,0
150,697,681,-1,1,0
151,699,688,7,8,1
152,701,688,0,0,0
153,703,688,0,0,0
154,707,691,3,3,1
155,709,691,0,0,0
156,711,691,0,0,0
157,713,691,0,0,0
158,715,691,0,0,0
159,717,691,0,0,0
160,719,692,1,1,0
161,721,692,0,1,0
162,723,692,0,1,0
163,725,692,0,1,0
164,727,693,1,2,0
165,729,693,0,2,0
166,731,699,6,8,1
167,733,693,-6,-6,1
168,735,694,1,1,0
169,737,700,6,7,1
170,739,699,-1,-1,0
171,741,699,0,-1,0
172,743,701,2,1,0
173,745,701,0,1,0
174,747,701,0,1,0
175,749,701,0,1,0
176,751,701,0,1,0
177,753,701,0,1,0
178,755,705,4,5,1
179,757,703,-2,-2,0
180,759,706,3,1,0
181,761,706,0,1,0
182,763,706,0,1,0
183,765,707,1,2,0
184,767,707,0,2,0
185,769,708,1,3,1
186,771,707,-1,-1,0
187,773,707,0,-1,0
188,775,707,0,-1,0
189,777,707,0,-1,0
190,779,706,-1,-2,0
191,781,707,1,-1,0
192,783,707,0,-1,0
193,785,709,2,1,0
194,787,708,-1,0,0
195,789,708,0,0,0
196,791,709,1,1,0
197,793,709,0,1,0
198,795,709,0,1,0
199,797,709,0,1,0
200,799,709,0,1,0
201,801,710,1,2,0
202,803,710,0,2,0
203,805,710,0,2,0
204,807,711,1,3,1
205,809,713,2,2,0
206,811,712,-1,1,0
207,813,712,0,1,0
208,815,713,1,2,0
209,817,715,2,4,1
210,819,717,2,2,0
211,821,717,0,2,0
212,823,717,0,2,0
213,825,718,1,3,1
214,827,718,0,0,0
215,829,719,1,1,0
216,831,720,1,2,0
217,833,719,-1,1,0
218,835,719,0,1,0
219,837,721,2,3,1
220,839,721,0,0,0
221,841,721,0,0,0
222,843,721,0,0,0
223,845,721,0,0,0
224,847,720,-1,-1,0
225,849,722,2,1,0
226,851,722,0,1,0
227,853,721,-1,0,0
228,855,721,0,0,0
229,857,722,1,1,0
230,859,722,0,1,0
231,861,723,1,2,0
232,863,723,0,2,0
233,865,723,0,2,0
234,867,723,0,2,0
235,869,723,0,2,0
236,871,724,1,3,1
237,873,725,1,1,0
238,875,725,0,1,0
239,877,724,-1,0,0
240,879,725,1,1,0
241,881,725,0,1,0
242,883,726,1,2,0
243,885,726,0,2,0
244,887,726,0,2,0
245,889,726,0,2,0
246,891,726,0,2,0
247,893,727,1,3,1
248,895,727,0,0,0
249,897,726,-1,-1,0
250,899,728,2,1,0
251,901,727,-1,0,0
252,903,727,0,0,0
253,905,728,1,1,0
254,907,728,0,1,0
255,909,728,0,1,0
256,911,729,1,2,0
257,913,729,0,2,0
258,915,729,0,2,0
259,917,730,1,3,1
260,919,732,2,2,0
261,921,731,-1,1,0
262,923,731,0,1,0
263,925,732,1,2,0
264,927,733,1,3,1
265,929,732,-1,-1,0
266,931,732,0,-1,0
267,933,733,1,0,0
268,935,733,0,0,0
269,937,734,1,1,0
270,939,733,-1,0,0
271,941,737,4,4,1
272,943,737,0,0,0
273,945,739,2,2,0
274,947,738,-1,1,0
275,949,738,0,1,0
276,951,738,0,1,0
277,953,738,0,1,0
278,955,739,1,2,0
279,957,739,0,2,0
280,959,740,1,3,1
281,961,739,-1,-1,0
282,963,740,1,0,0
283,965,740,0,0,0
284,967,741,1,1,0
285,969,741,0,1,0
286,971,741,0,1,0
287,973,742,1,2,0
288,975,742,0,2,0
289,977,742,0,2,0
290,979,742,0,2,0
291,981,743,1,3,1
292,983,743,0,0,0
293,985,742,-1,-1,0
294,987,744,2,1,0
295,989,743,-1,0,0
296,991,744,1,1,0
297,993,744,0,1,0
298,995,744,0,1,0
299,997,744,0,1,0
300,999,746,2,3,1
301,1001,745,-1,-1,0
302,1003,744,-1,-2,0
303,1005,748,4,2,0
304,1007,746,-2,0,0
305,1009,745,-1,-1,0
306,1011,745,0,-1,0
307,1013,746,1,0,0
308,1015,751,5,5,1
309,1017,746,-5,-5,1
310,1019,751,5,5,1
311,1021,752,1,1,0
312,1023,746,-6,-5,1
313,1025,753,7,7,1
314,1027,752,-1,-1,0
315,1029,751,-1,-2,0
316,1031,753,2,0,0
317,1033,752,-1,-1,0
318,1035,753,1,0,0
319,1037,751,-2,-2,0
320,1039,753,2,0,0
321,1041,754,1,1,0
322,1043,752,-2,-1,0
323,1045,753,1,0,0
324,1047,753,0,0,0
325,1049,753,0,0,0
326,1051,753,0,0,0
327,1053,753,0,0,0
328,1055,753,0,0,0
329,1057,753,0,0,0
330,1059,753,0,0,0
331,1061,754,1,1,0
332,1063,754,0,1,0
333,1065,754,0,1,0
334,1067,754,0,1,0
335,1069,756,2,3,1
336,1071,754,-2,-2,0
337,1073,754,0,-2,0
338,1075,755,1,-1,0
339,1077,755,0,-1,0
340,1079,755,0,-1,0
341,1081,755,0,-1,0
342,1083,755,0,-1,0
343,1085,755,0,-1,0
344,1087,756,1,0,0
345,1089,756,0,0,0
346,1091,756,0,0,0
347,1093,757,1,1,0
348,1095,757,0,1,0
349,1097,757,0,1,0
350,1099,759,2,3,1
351,1101,760,1,1,0
352,1103,763,3,4,1
353,1105,764,1,1,0
354,1107,764,0,1,0
355,1109,763,-1,0,0
356,1111,763,0,0,0
357,1113,763,0,0,0
358,1115,765,2,2,0
359,1117,763,-2,0,0
360,1119,765,2,2,0
361,1121,765,0,2,0
362,1123,764,-1,1,0
363,1125,765,1,2,0
364,1127,764,-1,1,0
365,1129,764,0,1,0
366,1131,763,-1,0,0
367,1133,765,2,2,0
368,1135,765,0,2,0
369,1137,764,-1,1,0
370,1139,765,1,2,0
371,1141,765,0,2,0
372,1143,764,-1,1,0
373,1145,764,0,1,0
374,1147,765,1,2,0
375,1149,765,0,2,0
376,1151,764,-1,1,0
377,1153,765,1,2,0
378,1155,765,0,2,0
379,1157,765,0,2,0
380,1159,764,-1,1,0
381,1161,764,0,1,0
382,1163,764,0,1,0
383,1165,766,2,3,1
384,1167,765,-1,-1,0
385,1169,766,1,0,0
386,1171,766,0,0,0
387,1173,766,0,0,0
388,1175,766,0,0,0
389,1177,765,-1,-1,0
390,1179,766,1,0,0
391,1181,767,1,1,0
392,1183,765,-2,-1,0
393,1185,767,2,1,0
394,1187,767,0,1,0
395,1189,768,1,2,0
396,1191,767,-1,1,0
397,1193,767,0,1,0
398,1195,766,-1,0,0
399,1197,769,3,3,1
400,1199,770,1,1,0
401,1201,767,-3,-2,0
402,1203,772,5,3,1
403,1205,770,-2,-2,0
404,1207,771,1,-1,0
405,1209,767,-4,-5,1
406,1211,768,1,1,0
407,1213,767,-1,0,0
408,1215,771,4,4,1
409,1217,768,-3,-3,1
410,1219,770,2,2,0
411,1221,768,-2,0,0
412,1223,772,4,4,1
413,1225,770,-2,-2,0
414,1227,769,-1,-3,1
415,1229,772,3,3,1
416,1231,772,0,0,0
417,1233,769,-3,-3,1
418,1235,771,2,2,0
419,1237,772,1,3,1
420,1239,771,-1,-1,0
421,1241,768,-3,-4,1
422,1243,772,4,4,1
423,1245,772,0,0,0
424,1247,770,-2,-2,0
425,1249,772,2,0,0
426,1251,772,0,0,0
427,1253,771,-1,-1,0
428,1255,771,0,-1,0
429,1257,770,-1,-2,0
430,1259,771,1,-1,0
431,1261,770,-1,-2,0
432,1263,770,0,-2,0
433,1265,770,0,-2,0
434,1267,771,1,-1,0
435,1269,770,-1,-2,0
436,1271,769,-1,-3,1
437,1273,769,0,0,0
438,1275,769,0,0,0
439,1277,771,2,2,0
440,1279,771,0,2,0
441,1281,770,-1,1,0
442,1283,770,0,1,0
443,1285,769,-1,0,0
444,1287,769,0,0,0
445,1289,771,2,2,0
446,1291,769,-2,0,0
447,1293,769,0,0,0
448,1295,769,0,0,0
449,1297,769,0,0,0
450,1299,769,0,0,0
451,1301,778,9,9,1
452,1303,777,-1,-1,0
453,1305,778,1,0,0
454,1307,779,1,1,0
455,1309,778,-1,0,0
456,1311,777,-1,-1,0
457,1313,778,1,0,0
458,1315,778,0,0,0
459,1317,778,0,0,0
460,1319,778,0,0,0
461,1321,778,0,0,0
462,1323,778,0,0,0
463,1325,778,0,0,0
464,1327,777,-1,-1,0
465,1329,777,0,-1,0
466,1331,778,1,0,0
467,1333,776,-2,-2,0
468,1335,778,2,0,0
469,1337,778,0,0,0
470,1339,778,0,0,0
471,1341,778,0,0,0
472,1343,777,-1,-1,0
473,1345,778,1,0,0
474,1347,777,-1,-1,0
475,1349,778,1,0,0
476,1351,778,0,0,0
477,1353,777,-1,-1,0
478,1355,777,0,-1,0
479,1357,777,0,-1,0
480,1359,777,0,-1,0
481,1361,777,0,-1,0
482,1363,778,1,0,0
483,1365,777,-1,-1,0
484,1367,776,-1,-2,0
485,1369,777,1,-1,0
486,1371,777,0,-1,0
487,1373,776,-1,-2,0
488,1375,776,0,-2,0
489,1377,776,0,-2,0
490,1379,776,0,-2,0
491,1381,776,0,-2,0
492,1383,775,-1,-3,1
493,1385,774,-1,-1,0
494,1387,776,2,1,0
495,1389,775,-1,0,0
496,1391,775,0,0,0
497,1393,775,0,0,0
498,1395,775,0,0,0
499,1397,774,-1,-1,0
500,1399,775,1,0,0
501,1401,774,-1,-1,0
502,1403,775,1,0,0
503,1405,774,-1,-1,0
504,1407,775,1,0,0
505,1409,774,-1,-1,0
506,1411,774,0,-1,0
507,1413,774,0,-1,0
508,1415,774,0,-1,0
509,1417,773,-1,-2,0
510,1419,773,0,-2,0
511,1421,773,0,-2,0
512,1423,773,0,-2,0
513,1425,772,-1,-3,1
514,1427,773,1,1,0
515,1429,773,0,1,0
516,1431,772,-1,0,0
517,1433,772,0,0,0
518,1435,772,0,0,0
519,1437,771,-1,-1,0
520,1439,772,1,0,0
521,1441,772,0,0,0
522,1443,770,-2,-2,0
523,1445,771,1,-1,0
524,1447,771,0,-1,0
525,1449,772,1,0,0
526,1451,770,-2,-2,0
527,1453,770,0,-2,0
528,1455,769,-1,-3,1
529,1457,770,1,1,0
530,1459,768,-2,-1,0
531,1461,769,1,0,0
532,1463,767,-2,-2,0
533,1465,767,0,-2,0
534,1467,767,0,-2,0
535,1469,766,-1,-3,1
