eje_bandas_1570,reflectancia_soil_1570
3.900000000000000000e+02,7.439577220021029724e-01
3.901835564053537269e+02,7.640816347188529312e-01
3.903671128107074537e+02,7.797602107036353258e-01
3.905506692160611806e+02,7.911858594621334895e-01
3.907342256214149074e+02,7.985509905000311992e-01
3.909177820267686343e+02,8.020480133230120101e-01
3.911013384321223612e+02,8.004338749999803104e-01
3.912848948374760880e+02,7.888356298380152509e-01
3.914684512428298149e+02,7.712517657268824767e-01
3.916520076481835417e+02,7.527900108365381815e-01
3.918355640535372686e+02,7.385580933369383372e-01
3.920191204588909955e+02,7.336849991169059892e-01
3.922026768642447223e+02,7.432045867854620846e-01
3.923862332695984492e+02,7.635713162535933130e-01
3.925697896749521760e+02,7.880885597865141534e-01
3.927533460803059029e+02,8.100596896494394183e-01
3.929369024856596297e+02,8.227880781075832539e-01
3.931204588910133566e+02,8.222139120980432869e-01
3.933040152963671403e+02,8.145796766906380215e-01
3.934875717017208672e+02,8.026048641356762214e-01
3.936711281070745940e+02,7.884601190754410016e-01
3.938546845124283209e+02,7.743160861522160321e-01
3.940382409177820477e+02,7.621678912588234489e-01
3.942217973231357746e+02,7.488365504044894871e-01
3.944053537284895015e+02,7.340622398521388092e-01
3.945889101338432283e+02,7.201317597484455657e-01
3.947724665391969552e+02,7.093319102400836851e-01
3.949560229445506820e+02,7.039494914737275399e-01
3.951395793499044089e+02,7.073939586338218177e-01
3.953231357552581358e+02,7.209520420574894173e-01
3.955066921606118626e+02,7.400248228856183275e-01
3.956902485659655895e+02,7.598343520592193423e-01
3.958738049713193163e+02,7.756026805193030338e-01
3.960573613766730432e+02,7.830663943217295309e-01
3.962409177820267701e+02,7.865776104246754441e-01
3.964244741873804969e+02,7.889737632604362227e-01
3.966080305927342238e+02,7.910401910565209027e-01
3.967915869980879506e+02,7.935622320404387420e-01
3.969751434034416775e+02,7.973252244396988875e-01
3.971586998087954044e+02,8.060390262196166500e-01
3.973422562141491312e+02,8.222246593946824778e-01
3.975258126195028581e+02,8.414179836977916382e-01
3.977093690248565849e+02,8.590668019490454999e-01
3.978929254302103118e+02,8.706189169685453200e-01
3.980764818355640386e+02,8.713432184110789791e-01
3.982600382409177655e+02,8.587486730238452770e-01
3.984435946462714924e+02,8.380639654045040077e-01
3.986271510516252192e+02,8.154775861847862739e-01
3.988107074569789461e+02,7.971780259964235116e-01
3.989942638623326729e+02,7.893537754711467125e-01
3.991778202676863998e+02,7.918696635571632614e-01
3.993613766730401267e+02,7.983229996695436759e-01
3.995449330783939104e+02,8.064682489676792132e-01
3.997284894837476372e+02,8.140650850262922678e-01
3.999120458891013641e+02,8.188731814201131165e-01
4.000956022944550909e+02,8.178717854307304691e-01
4.002791586998088178e+02,8.071620088359362510e-01
4.004627151051625447e+02,7.904652397619685855e-01
4.006462715105162715e+02,7.724269151583504911e-01
4.008298279158699984e+02,7.576924719746045422e-01
4.010133843212237252e+02,7.508752264939740906e-01
4.011969407265774521e+02,7.488791930538886144e-01
4.013804971319311790e+02,7.472128403423630161e-01
4.015640535372849058e+02,7.459175182672146409e-01
4.017476099426386327e+02,7.450345767362609450e-01
4.019311663479923595e+02,7.446053656573194957e-01
4.021147227533460864e+02,7.447234198236712954e-01
4.022982791586998133e+02,7.454705288922863771e-01
4.024818355640535401e+02,7.465611738115749407e-01
4.026653919694072670e+02,7.476827532387440023e-01
4.028489483747609938e+02,7.485226658310007997e-01
4.030325047801147207e+02,7.487554195992964789e-01
4.032160611854684475e+02,7.477563432814071653e-01
4.033996175908221744e+02,7.457750704261874031e-01
4.035831739961759013e+02,7.434465563709014013e-01
4.037667304015296281e+02,7.414057564528129252e-01
4.039502868068833550e+02,7.402876260091865168e-01
4.041338432122370818e+02,7.402689714728040160e-01
4.043173996175908087e+02,7.404340476346777944e-01
4.045009560229445356e+02,7.406634944422944011e-01
4.046845124282982624e+02,7.408926042308234816e-01
4.048680688336519893e+02,7.410566693354343482e-01
4.050516252390057161e+02,7.407148213338289322e-01
4.052351816443594430e+02,7.341503464603602591e-01
4.054187380497131699e+02,7.222690308268002735e-01
4.056022944550668967e+02,7.087561936603601342e-01
4.057858508604206236e+02,6.972971541882504454e-01
4.059694072657744073e+02,6.915772316376819218e-01
4.061529636711281341e+02,6.930630359554754705e-01
4.063365200764818610e+02,6.982229849327591387e-01
4.065200764818355879e+02,7.050841253145067045e-01
4.067036328871893147e+02,7.117363474536005929e-01
4.068871892925430416e+02,7.162695417029231182e-01
4.070707456978967684e+02,7.166555154377438619e-01
4.072543021032504953e+02,7.112911612888109802e-01
4.074378585086042222e+02,7.022970187146011511e-01
4.076214149139579490e+02,6.923848362662943234e-01
4.078049713193116759e+02,6.842663624950701129e-01
4.079885277246654027e+02,6.806533459521084684e-01
4.081720841300191296e+02,6.909055647108094389e-01
4.083556405353728564e+02,7.184272712894500534e-01
4.085391969407265833e+02,7.535681417381479008e-01
4.087227533460803102e+02,7.866402325929887640e-01
4.089063097514340370e+02,8.079556003900582040e-01
4.090898661567877639e+02,8.095921265639097752e-01
4.092734225621414907e+02,7.984050855568132210e-01
4.094569789674952176e+02,7.808376285015501406e-01
4.096405353728489445e+02,7.620587000447364145e-01
4.098240917782026713e+02,7.472372448329880346e-01
4.100076481835563982e+02,7.415348069779301721e-01
4.101912045889101250e+02,7.442069696505854148e-01
4.103747609942638519e+02,7.503717313855278181e-01
4.105583173996175788e+02,7.579529961457323051e-01
4.107418738049713056e+02,7.648746678941736876e-01
4.109254302103250325e+02,7.690606505938269999e-01
4.111089866156787593e+02,7.689817996950646384e-01
4.112925430210324862e+02,7.659754048438254248e-01
4.114760994263862131e+02,7.607792602110929892e-01
4.116596558317399399e+02,7.539474551071464470e-01
4.118432122370936668e+02,7.460340788422644698e-01
4.120267686424473936e+02,7.374578965151308285e-01
4.122103250478011205e+02,7.218745236519193975e-01
4.123938814531549042e+02,6.994095321219644390e-01
4.125774378585086311e+02,6.754142927560710108e-01
4.127609942638623579e+02,6.552401763850226324e-01
4.129445506692160848e+02,6.442385538396094846e-01
4.131281070745698116e+02,6.468305037594372919e-01
4.133116634799235385e+02,6.604645879177389878e-01
4.134952198852772653e+02,6.796855978777773810e-01
4.136787762906309922e+02,6.990484079850673993e-01
4.138623326959847191e+02,7.131078925851240813e-01
4.140458891013384459e+02,7.166089285800589792e-01
4.142294455066921728e+02,7.106123350214663681e-01
4.144130019120458996e+02,6.994771011083497081e-01
4.145965583173996265e+02,6.866895128762873224e-01
4.147801147227533534e+02,6.757358563608575341e-01
4.149636711281070802e+02,6.701024175976382224e-01
4.151472275334608071e+02,6.734655836865200973e-01
4.153307839388145339e+02,6.854815237198529365e-01
4.155143403441682608e+02,7.019032987831128612e-01
4.156978967495219877e+02,7.184215010505508037e-01
4.158814531548757145e+02,7.307267226964180296e-01
4.160650095602294414e+02,7.352319792767276763e-01
4.162485659655831682e+02,7.373229120629246625e-01
4.164321223709368951e+02,7.390530644662117732e-01
4.166156787762906220e+02,7.403696406422173304e-01
4.167992351816443488e+02,7.412198447465696560e-01
4.169827915869980757e+02,7.415508809348976271e-01
4.171663479923518025e+02,7.400906368334779772e-01
4.173499043977055294e+02,7.359721552161283542e-01
4.175334608030592562e+02,7.306509735496293789e-01
4.177170172084129831e+02,7.255979097284820378e-01
4.179005736137667100e+02,7.222837816471873174e-01
4.180841300191204368e+02,7.225306481813580373e-01
4.182676864244741637e+02,7.287459192810380459e-01
4.184512428298278905e+02,7.386899694212838430e-01
4.186347992351816174e+02,7.494166028169573224e-01
4.188183556405354011e+02,7.579796236829223766e-01
4.190019120458891280e+02,7.614320037759729765e-01
4.191854684512428548e+02,7.509610636573748055e-01
4.193690248565965817e+02,7.257642275237404794e-01
4.195525812619503085e+02,6.944353313473711209e-01
4.197361376673040354e+02,6.655682111005682966e-01
4.199196940726577623e+02,6.477567027556334622e-01
4.201032504780114891e+02,6.471739373909882742e-01
4.202868068833652160e+02,6.559415591047823568e-01
4.204703632887189428e+02,6.691597248895413408e-01
4.206539196940726697e+02,6.829965761729545060e-01
4.208374760994263966e+02,6.936202543827107991e-01
4.210210325047801234e+02,6.971178124582676494e-01
4.212045889101338503e+02,6.847896639098206562e-01
4.213881453154875771e+02,6.587174459634069779e-01
4.215717017208413040e+02,6.274411629051419581e-01
4.217552581261950309e+02,5.995008190211408294e-01
4.219388145315487577e+02,5.834364185975192685e-01
4.221223709369024846e+02,5.857062356820602611e-01
4.223059273422562114e+02,6.012936311541774437e-01
4.224894837476099383e+02,6.238212140603023315e-01
4.226730401529636652e+02,6.471603852011649227e-01
4.228565965583173920e+02,6.651825453774947716e-01
4.230401529636711189e+02,6.721498329440450670e-01
4.232237093690248457e+02,6.743970473629261608e-01
4.234072657743785726e+02,6.762469568267466258e-01
4.235908221797322994e+02,6.776575966347937463e-01
4.237743785850860263e+02,6.785870020863548069e-01
4.239579349904397532e+02,6.789932084807170920e-01
4.241414913957934800e+02,6.788366429580987571e-01
4.243250478011472069e+02,6.781776029709620790e-01
4.245086042065009337e+02,6.771579545817011381e-01
4.246921606118546606e+02,6.759209738407863099e-01
4.248757170172084443e+02,6.746099367986875261e-01
4.250592734225621143e+02,6.733123612870830499e-01
4.252428298279158980e+02,6.714851406360423658e-01
4.254263862332695680e+02,6.692865766731495025e-01
4.256099426386233517e+02,6.671416330112185378e-01
4.257934990439770786e+02,6.654752732630677681e-01
4.259770554493308055e+02,6.647124610415128254e-01
4.261606118546845323e+02,6.661656861280462749e-01
4.263441682600382592e+02,6.707916122535700909e-01
4.265277246653919860e+02,6.775334935289553107e-01
4.267112810707457129e+02,6.853125553010523952e-01
4.268948374760994398e+02,6.930500229167122495e-01
4.270783938814531666e+02,7.001115006927891571e-01
4.272619502868068935e+02,7.088632247931409003e-01
4.274455066921606203e+02,7.185150186535822492e-01
4.276290630975143472e+02,7.274474585221163414e-01
4.278126195028680741e+02,7.340411206467457594e-01
4.279961759082218009e+02,7.366765812754730858e-01
4.281797323135755278e+02,7.327186259203753993e-01
4.283632887189292546e+02,7.223922784157847943e-01
4.285468451242829815e+02,7.085916089495106762e-01
4.287304015296367083e+02,6.942114741050964266e-01
4.289139579349904352e+02,6.821467304660855380e-01
4.290975143403441621e+02,6.742175065133022560e-01
4.292810707456978889e+02,6.667673202044763769e-01
4.294646271510516158e+02,6.597669326427384462e-01
4.296481835564053426e+02,6.539444834165409892e-01
4.298317399617590695e+02,6.500281121143366425e-01
4.300152963671127964e+02,6.487383374274253711e-01
4.301988527724665232e+02,6.493502786910134716e-01
4.303824091778202501e+02,6.508436283867368166e-01
4.305659655831739769e+02,6.529856388508372689e-01
4.307495219885277038e+02,6.555435624195573574e-01
4.309330783938814307e+02,6.582846514291388340e-01
4.311166347992351575e+02,6.615719685999956745e-01
4.313001912045889412e+02,6.668561715020696612e-01
4.314837476099426112e+02,6.730565170458859825e-01
4.316673040152963949e+02,6.788724583792918876e-01
4.318508604206501218e+02,6.830034486501218582e-01
4.320344168260038487e+02,6.837757194696144625e-01
4.322179732313575755e+02,6.685828066079527732e-01
4.324015296367113024e+02,6.387521005829872589e-01
4.325850860420650292e+02,6.038105718603267169e-01
4.327686424474187561e+02,5.732851909055793893e-01
4.329521988527724830e+02,5.567029281843539623e-01
4.331357552581262098e+02,5.585690501273864461e-01
4.333193116634799367e+02,5.690896090956211184e-01
4.335028680688336635e+02,5.842235246538345361e-01
4.336864244741873904e+02,6.004043314140000698e-01
4.338699808795411172e+02,6.140655639880918670e-01
4.340535372848948441e+02,6.219385126162906285e-01
4.342370936902485710e+02,6.265940631343341893e-01
4.344206500956022978e+02,6.301467456978370185e-01
4.346042065009560247e+02,6.333130959690094208e-01
4.347877629063097515e+02,6.368096496100621451e-01
4.349713193116634784e+02,6.413529422832056071e-01
4.351548757170172053e+02,6.478884898572635498e-01
4.353384321223709321e+02,6.566101826959841459e-01
4.355219885277246590e+02,6.666092230898138515e-01
4.357055449330783858e+02,6.769622881829997496e-01
4.358891013384321127e+02,6.867460551197884788e-01
4.360726577437858396e+02,6.953571486153063974e-01
4.362562141491395664e+02,7.047645012529144548e-01
4.364397705544932933e+02,7.144245265542911172e-01
4.366233269598470201e+02,7.230245912403099329e-01
4.368068833652007470e+02,7.292520620318443392e-01
4.369904397705544739e+02,7.317943056497681065e-01
4.371739961759082007e+02,7.224072913101192706e-01
4.373575525812619276e+02,6.976240058763770735e-01
4.375411089866156544e+02,6.661021994031670612e-01
4.377246653919694381e+02,6.365250667869751799e-01
4.379082217973231081e+02,6.175758029243193503e-01
4.380917782026768919e+02,6.164922420505156708e-01
4.382753346080306187e+02,6.280441616178872311e-01
4.384588910133843456e+02,6.460750814199406333e-01
4.386424474187380724e+02,6.652915204138714067e-01
4.388260038240917993e+02,6.803999975568751912e-01
4.390095602294455261e+02,6.861108656993516464e-01
4.391931166347992530e+02,6.804420922712071107e-01
4.393766730401529799e+02,6.674751337286166653e-01
4.395602294455067067e+02,6.514490839280727696e-01
4.397437858508604336e+02,6.366030367260684386e-01
4.399273422562141604e+02,6.271760859790960208e-01
4.401108986615678873e+02,6.252152063060065768e-01
4.402944550669216142e+02,6.242688875026618511e-01
4.404780114722753410e+02,6.235192605577871694e-01
4.406615678776290679e+02,6.229790583886535282e-01
4.408451242829827947e+02,6.226610139125323684e-01
4.410286806883365216e+02,6.225992056810805142e-01
4.412122370936902485e+02,6.238184367456843793e-01
4.413957934990439753e+02,6.265868932090646881e-01
4.415793499043977022e+02,6.305009166693210654e-01
4.417629063097514290e+02,6.351568487245526917e-01
4.419464627151051559e+02,6.401510309728589698e-01
4.421300191204588828e+02,6.464947355009509344e-01
4.423135755258126096e+02,6.567385155128246943e-01
4.424971319311663365e+02,6.686288234716390999e-01
4.426806883365200633e+02,6.796421544368524970e-01
4.428642447418737902e+02,6.872550034679237863e-01
4.430478011472275170e+02,6.886913409432048327e-01
4.432313575525812439e+02,6.784897301255601310e-01
4.434149139579349708e+02,6.597101424543271309e-01
4.435984703632886976e+02,6.382136866693236543e-01
4.437820267686424813e+02,6.198614715103630823e-01
4.439655831739961513e+02,6.105146057172772256e-01
4.441491395793499350e+02,6.132962077374379817e-01
4.443326959847036051e+02,6.233807976872971501e-01
4.445162523900573888e+02,6.369051308287351221e-01
4.446998087954111156e+02,6.500953174887018626e-01
4.448833652007648425e+02,6.591774679941621029e-01
4.450669216061185693e+02,6.603378236842106785e-01
4.452504780114722962e+02,6.518869412587378065e-01
4.454340344168260231e+02,6.375134444325990524e-01
4.456175908221797499e+02,6.215741989718018834e-01
4.458011472275334768e+02,6.084260706423536558e-01
4.459847036328872036e+02,6.024259252102616147e-01
4.461682600382409305e+02,6.046202431065231808e-01
4.463518164435946574e+02,6.108099502803581160e-01
4.465353728489483842e+02,6.187755105073060591e-01
4.467189292543021111e+02,6.263171574248012075e-01
4.469024856596558379e+02,6.312351246702772034e-01
4.470860420650095648e+02,6.315538073153335041e-01
4.472695984703632917e+02,6.279936847186732285e-01
4.474531548757170185e+02,6.223323397024547177e-01
4.476367112810707454e+02,6.162415404966744559e-01
4.478202676864244722e+02,6.113930553313290384e-01
4.480038240917781991e+02,6.094576640910108756e-01
4.481873804971319259e+02,6.094461927423266978e-01
4.483709369024856528e+02,6.094399545294069132e-01
4.485544933078393797e+02,6.094358892154746465e-01
4.487380497131931065e+02,6.094309365637532450e-01
4.489216061185468334e+02,6.094220363374659444e-01
4.491051625239005602e+02,6.093517772508819652e-01
4.492887189292542871e+02,6.089841213792115404e-01
4.494722753346080140e+02,6.083178821077660503e-01
4.496558317399617408e+02,6.073830815385728998e-01
4.498393881453154677e+02,6.062097417736586058e-01
4.500229445506691945e+02,6.047766978757644907e-01
4.502065009560229782e+02,5.996655157469110708e-01
4.503900573613766483e+02,5.906484786078629590e-01
4.505736137667304320e+02,5.803352013988456459e-01
4.507571701720841020e+02,5.713352990601059389e-01
4.509407265774378857e+02,5.662583865318692178e-01
4.511242829827916125e+02,5.693401365863373087e-01
4.513078393881453394e+02,5.842393243462177255e-01
4.514913957934990663e+02,6.054484793378832608e-01
4.516749521988527931e+02,6.269401701757475465e-01
4.518585086042065200e+02,6.426869654742238813e-01
4.520420650095602468e+02,6.469598383625015936e-01
4.522256214149139737e+02,6.433553065308638130e-01
4.524091778202677006e+02,6.361436757342898707e-01
4.525927342256214274e+02,6.269798778408224305e-01
4.527762906309751543e+02,6.175188447185034901e-01
4.529598470363288811e+02,6.094155082353760466e-01
4.531434034416826080e+02,6.028015348806766704e-01
4.533269598470363348e+02,5.956057799245805251e-01
4.535105162523900617e+02,5.886558945708969537e-01
4.536940726577437886e+02,5.828932633029207944e-01
4.538776290630975154e+02,5.792592706039469963e-01
4.540611854684512423e+02,5.785437633614965991e-01
4.542447418738049691e+02,5.793581708870657598e-01
4.544282982791586960e+02,5.809128321972742981e-01
4.546118546845124229e+02,5.829342450851492385e-01
4.547954110898661497e+02,5.851489073437170507e-01
4.549789674952198766e+02,5.872833167660047593e-01
4.551625239005736034e+02,5.895923844624579857e-01
4.553460803059273303e+02,5.924947485661831159e-01
4.555296367112810572e+02,5.955259230362015543e-01
4.557131931166347840e+02,5.982121340407305921e-01
4.558967495219885109e+02,6.000796077479876312e-01
4.560803059273422377e+02,6.008045090840322677e-01
4.562638623326960214e+02,6.012411281935792218e-01
4.564474187380496915e+02,6.016012969715873737e-01
4.566309751434034752e+02,6.018733588304262527e-01
4.568145315487571452e+02,6.020456571824648329e-01
4.569980879541109289e+02,6.021065354400726433e-01
4.571816443594645989e+02,5.996442499777090429e-01
4.573652007648183826e+02,5.935392109259893800e-01
4.575487571701720526e+02,5.858916159009286417e-01
4.577323135755258363e+02,5.788019666534564012e-01
4.579158699808795632e+02,5.743707649345179966e-01
4.580994263862332900e+02,5.752038924261634323e-01
4.582829827915870169e+02,5.836608044645356097e-01
4.584665391969407438e+02,5.965550907478317511e-01
4.586500956022944706e+02,6.101335536768205392e-01
4.588336520076481975e+02,6.206429956522712121e-01
4.590172084130019243e+02,6.243581371740245523e-01
4.592007648183556512e+02,6.222440119969331329e-01
4.593843212237093780e+02,6.174939472888812952e-01
4.595678776290631049e+02,6.113803978514931181e-01
4.597514340344168318e+02,6.051758184863929024e-01
4.599349904397705586e+02,6.001526639952048381e-01
4.601185468451242855e+02,5.971211311649083919e-01
4.603021032504780123e+02,5.949740483808093616e-01
4.604856596558317392e+02,5.931871518081723860e-01
4.606692160611854661e+02,5.913397963388636880e-01
4.608527724665391929e+02,5.890113368647499348e-01
4.610363288718929198e+02,5.856818796091168844e-01
4.612198852772466466e+02,5.783221165059587721e-01
4.614034416826003735e+02,5.676044824587481719e-01
4.615869980879541004e+02,5.561585032117751792e-01
4.617705544933078272e+02,5.466137045093304447e-01
4.619541108986615541e+02,5.415996120957040638e-01
4.621376673040152809e+02,5.422048939984270843e-01
4.623212237093690078e+02,5.455504639953659973e-01
4.625047801147227347e+02,5.507171570566936625e-01
4.626883365200765184e+02,5.569214620985997177e-01
4.628718929254301884e+02,5.633798680372652523e-01
4.630554493307839721e+02,5.695207128292909537e-01
4.632390057361376421e+02,5.775926196915460720e-01
4.634225621414914258e+02,5.870705194926707504e-01
4.636061185468450958e+02,5.962214829288020601e-01
4.637896749521988795e+02,6.033125806960982773e-01
4.639732313575525495e+02,6.066108834906992486e-01
4.641567877629063332e+02,6.044159376461629707e-01
4.643403441682600601e+02,5.974957408541451409e-01
4.645239005736137869e+02,5.883708503899837128e-01
4.647074569789675138e+02,5.795760038887183274e-01
4.648910133843212407e+02,5.736459389853887370e-01
4.650745697896749675e+02,5.726343144981277389e-01
4.652581261950286944e+02,5.737879975350388406e-01
4.654416826003824212e+02,5.758533886284191716e-01
4.656252390057361481e+02,5.784321828643189667e-01
4.658087954110898750e+02,5.811260753287881275e-01
4.659923518164436018e+02,5.835367611078770000e-01
4.661759082217973287e+02,5.859705113350051064e-01
4.663594646271510555e+02,5.888207442129753666e-01
4.665430210325047824e+02,5.916330549056300070e-01
4.667265774378585093e+02,5.939516900522058274e-01
4.669101338432122361e+02,5.953208962919397385e-01
4.670936902485659630e+02,5.949716865702464608e-01
4.672772466539196898e+02,5.914303745775025822e-01
4.674608030592734167e+02,5.859358134193572987e-01
4.676443594646271436e+02,5.800975474724502368e-01
4.678279158699808704e+02,5.755251211134213563e-01
4.680114722753345973e+02,5.738257634105069505e-01
4.681950286806883241e+02,5.754190100367428951e-01
4.683785850860420510e+02,5.789990464944738680e-01
4.685621414913957778e+02,5.833700619760289197e-01
4.687456978967495047e+02,5.873362456737372117e-01
4.689292543021032316e+02,5.897017867799277946e-01
4.691128107074570153e+02,5.897230931587696956e-01
4.692963671128106853e+02,5.886456841831344544e-01
4.694799235181644690e+02,5.869709461312202503e-01
4.696634799235181390e+02,5.850609881852869565e-01
4.698470363288719227e+02,5.832779195275906714e-01
4.700305927342255927e+02,5.819766684131616463e-01
4.702141491395793764e+02,5.810792206047969977e-01
4.703977055449330464e+02,5.803401631963513996e-01
4.705812619502868301e+02,5.796375856629911727e-01
4.707648183556405570e+02,5.788495774798851912e-01
4.709483747609942839e+02,5.778542281222005528e-01
4.711319311663480107e+02,5.762606032157986391e-01
4.713154875717017376e+02,5.736047587547276061e-01
4.714990439770554644e+02,5.705037921229491049e-01
4.716826003824091913e+02,5.676264166559075175e-01
4.718661567877629182e+02,5.656413456890481140e-01
4.720497131931166450e+02,5.652613105561125062e-01
4.722332695984703719e+02,5.674739413288587553e-01
4.724168260038240987e+02,5.715124117287303518e-01
4.726003824091778256e+02,5.761202299693184425e-01
4.727839388145315525e+02,5.800409042642140633e-01
4.729674952198852793e+02,5.820179428270085831e-01
4.731510516252390062e+02,5.770030524508104053e-01
4.733346080305927330e+02,5.605880298590961708e-01
4.735181644359464599e+02,5.386681874789318591e-01
4.737017208413001867e+02,5.173529206824700744e-01
4.738852772466539136e+02,5.027516248418630873e-01
4.740688336520076405e+02,5.000322758762348885e-01
4.742523900573613673e+02,5.032041051090963002e-01
4.744359464627150942e+02,5.090337319487189260e-01
4.746195028680688210e+02,5.164343255270529287e-01
4.748030592734225479e+02,5.243190549760480268e-01
4.749866156787762748e+02,5.316010894276539389e-01
4.751701720841300016e+02,5.392307907478514073e-01
4.753537284894837285e+02,5.485037223294684239e-01
4.755372848948375122e+02,5.578479639562551329e-01
4.757208413001911822e+02,5.656785517435940491e-01
4.759043977055449659e+02,5.704105218068853400e-01
4.760879541108986359e+02,5.709465177644517109e-01
4.762715105162524196e+02,5.695659603001427262e-01
4.764550669216060896e+02,5.670421438528842062e-01
4.766386233269598733e+02,5.636566561279060528e-01
4.768221797323136002e+02,5.596910848304436081e-01
4.770057361376673271e+02,5.554238291503171832e-01
4.771892925430210539e+02,5.481036463795481151e-01
4.773728489483747808e+02,5.369940195260001214e-01
4.775564053537285076e+02,5.248019625191182591e-01
4.777399617590822345e+02,5.142344892883464746e-01
4.779235181644359614e+02,5.079986137631294918e-01
4.781070745697896882e+02,5.091047496565109798e-01
4.782906309751434151e+02,5.187234619560378013e-01
4.784741873804971419e+02,5.330661465828218093e-01
4.786577437858508688e+02,5.479912387568017795e-01
4.788413001912045956e+02,5.593571736979162656e-01
4.790248565965583225e+02,5.630168016754495408e-01
4.792084130019120494e+02,5.563112545121324803e-01
4.793919694072657762e+02,5.424437309520141470e-01
4.795755258126195031e+02,5.259227538416055836e-01
4.797590822179732299e+02,5.112568460274177218e-01
4.799426386233269568e+02,5.029545303559616043e-01
4.801261950286806837e+02,5.034168532175531396e-01
4.803097514340344105e+02,5.078014512466045849e-01
4.804933078393881374e+02,5.140126304773441346e-01
4.806768642447418642e+02,5.202880613081429795e-01
4.808604206500955911e+02,5.248654141373728654e-01
4.810439770554493180e+02,5.258675877308622848e-01
4.812275334608030448e+02,5.201214349790456160e-01
4.814110898661567717e+02,5.093562955304560269e-01
4.815946462715105554e+02,4.969533814755470180e-01
4.817782026768642254e+02,4.862939049047872442e-01
4.819617590822180091e+02,4.807590779086225452e-01
4.821453154875716791e+02,4.839219350212847770e-01
4.823288718929254628e+02,4.954315166237033830e-01
4.825124282982791328e+02,5.110016355147706246e-01
4.826959847036329165e+02,5.262768550496876863e-01
4.828795411089865866e+02,5.369017385836212242e-01
4.830630975143403703e+02,5.389141543958668734e-01
4.832466539196940971e+02,5.347333864485114274e-01
4.834302103250478240e+02,5.274351477445495817e-01
4.836137667304015508e+02,5.191254895478105702e-01
4.837973231357552777e+02,5.119104631221234047e-01
4.839808795411090045e+02,5.078961197313170972e-01
4.841644359464627314e+02,5.067784207366844429e-01
4.843479923518164583e+02,5.058534932184618471e-01
4.845315487571701851e+02,5.051180769779697322e-01
4.847151051625239120e+02,5.045977357575318623e-01
4.848986615678776388e+02,5.043180332994724457e-01
4.850822179732313657e+02,5.046981919477744327e-01
4.852657743785850926e+02,5.081162512577527268e-01
4.854493307839388194e+02,5.136200503708309162e-01
4.856328871892925463e+02,5.195750503392735364e-01
4.858164435946462731e+02,5.243467122153450122e-01
4.860000000000000000e+02,5.263004970513101011e-01
4.861835564053537269e+02,5.231476024233064903e-01
4.863671128107074537e+02,5.153548617440520951e-01
4.865506692160611806e+02,5.054211898206816267e-01
4.867342256214149074e+02,4.958455014603299071e-01
4.869177820267686343e+02,4.891267114701314256e-01
4.871013384321223612e+02,4.867367380433469393e-01
4.872848948374760880e+02,4.851567516835423866e-01
4.874684512428298149e+02,4.838459568202703176e-01
4.876520076481835417e+02,4.828577973350610120e-01
4.878355640535372686e+02,4.822457171094447492e-01
4.880191204588910523e+02,4.820877692330601261e-01
4.882026768642447223e+02,4.847388530435561838e-01
4.883862332695985060e+02,4.904107275664500443e-01
4.885697896749521760e+02,4.972384673458515869e-01
4.887533460803059597e+02,5.033571469258844022e-01
4.889369024856596297e+02,5.069018408506577034e-01
4.891204588910134134e+02,5.070357772174793887e-01
4.893040152963670835e+02,5.063413008518321545e-01
4.894875717017208672e+02,5.053428636536084761e-01
4.896711281070745940e+02,5.043251508903925373e-01
4.898546845124283209e+02,5.035728478297671895e-01
4.900382409177820477e+02,5.034499053033313354e-01
4.902217973231357746e+02,5.061926897097135392e-01
4.904053537284895015e+02,5.114749950353808527e-01
4.905889101338432283e+02,5.176212610861659069e-01
4.907724665391969552e+02,5.229559276679007773e-01
4.909560229445506820e+02,5.258034345864177617e-01
4.911395793499044089e+02,5.211358381484065827e-01
4.913231357552581358e+02,5.037002204550399265e-01
4.915066921606118626e+02,4.797964453017961595e-01
4.916902485659655895e+02,4.561374112416291537e-01
4.918738049713193163e+02,4.394360168274927259e-01
4.920573613766730432e+02,4.359377512416138245e-01
4.922409177820267701e+02,4.425537788439994347e-01
4.924244741873804969e+02,4.542408857612061368e-01
4.926080305927342238e+02,4.674062777923274625e-01
4.927915869980879506e+02,4.784571607364570545e-01
4.929751434034416775e+02,4.838007403926882777e-01
4.931586998087954044e+02,4.838710195383584267e-01
4.933422562141491312e+02,4.838063421175228807e-01
4.935258126195028581e+02,4.836960892881667085e-01
4.937093690248565849e+02,4.835418427944209729e-01
4.938929254302103118e+02,4.833451843804167369e-01
4.940764818355640386e+02,4.827785559407604121e-01
4.942600382409177655e+02,4.795270491632284138e-01
4.944435946462715492e+02,4.743598370512247531e-01
4.946271510516252192e+02,4.687761423731711119e-01
4.948107074569790029e+02,4.642751878974776258e-01
4.949942638623326729e+02,4.623561963925656437e-01
4.951778202676864566e+02,4.634755193624371383e-01
4.953613766730401267e+02,4.663424268272415851e-01
4.955449330783939104e+02,4.699609701060775691e-01
4.957284894837475804e+02,4.733358797072604873e-01
4.959120458891013641e+02,4.754718861391134532e-01
4.960956022944550909e+02,4.746745453555579197e-01
4.962791586998088178e+02,4.676834027710992658e-01
4.964627151051625447e+02,4.568999902890591991e-01
4.966462715105162715e+02,4.454763244476875328e-01
4.968298279158699984e+02,4.365644217852339137e-01
4.970133843212237252e+02,4.333096114869711690e-01
4.971969407265774521e+02,4.363944949355453296e-01
4.973804971319311790e+02,4.432387558111172132e-01
4.975640535372849058e+02,4.515654210348744035e-01
4.977476099426386327e+02,4.590975175280040399e-01
4.979311663479923595e+02,4.635580722116935948e-01
4.981147227533460864e+02,4.636376806747516399e-01
4.982982791586998133e+02,4.620009337773268721e-01
4.984818355640535401e+02,4.596115775737585341e-01
4.986653919694072670e+02,4.571544508639499016e-01
4.988489483747609938e+02,4.553143924478038618e-01
4.990325047801147207e+02,4.547766514907302660e-01
4.992160611854684475e+02,4.559174063009476807e-01
4.993996175908221744e+02,4.581796424279336311e-01
4.995831739961759013e+02,4.608383618487266742e-01
4.997667304015296281e+02,4.631685665403653673e-01
4.999502868068833550e+02,4.644452584798882122e-01
5.001338432122370818e+02,4.633071918741575868e-01
5.003173996175908087e+02,4.586341856678731177e-01
5.005009560229445356e+02,4.521389634393344070e-01
5.006845124282982624e+02,4.456532816088178417e-01
5.008680688336520461e+02,4.410088965965988095e-01
5.010516252390057161e+02,4.399265039667036303e-01
5.012351816443594998e+02,4.415202226969248689e-01
5.014187380497131699e+02,4.444047603986977513e-01
5.016022944550669536e+02,4.476853977848839761e-01
5.017858508604206236e+02,4.504674155683385806e-01
5.019694072657744073e+02,4.518560944619230413e-01
5.021529636711280773e+02,4.503170422370338932e-01
5.023365200764818610e+02,4.453166730558914543e-01
5.025200764818355879e+02,4.386677245753124454e-01
5.027036328871893147e+02,4.322212332016822645e-01
5.028871892925430416e+02,4.278282353413871419e-01
5.030707456978967684e+02,4.270350853628428478e-01
5.032543021032504953e+02,4.279327349252682877e-01
5.034378585086042222e+02,4.294377787612978503e-01
5.036214149139579490e+02,4.310964437171105890e-01
5.038049713193116759e+02,4.324549566388855015e-01
5.039885277246654027e+02,4.330595443728012528e-01
5.041720841300191296e+02,4.322499077765479258e-01
5.043556405353728564e+02,4.300730765686357482e-01
5.045391969407265833e+02,4.272936070888872506e-01
5.047227533460803102e+02,4.246777678683791302e-01
5.049063097514340370e+02,4.229918274381879728e-01
5.050898661567877639e+02,4.234523487713943712e-01
5.052734225621414907e+02,4.284976829991045677e-01
5.054569789674952176e+02,4.364205727354094067e-01
5.056405353728489445e+02,4.448898337708145911e-01
5.058240917782026713e+02,4.515742818958256022e-01
5.060076481835563982e+02,4.541420562025578200e-01
5.061912045889101250e+02,4.507344222140893253e-01
5.063747609942638519e+02,4.428459877066023842e-01
5.065583173996175788e+02,4.330854705342505606e-01
5.067418738049713056e+02,4.240615885511874739e-01
5.069254302103250325e+02,4.183830596115667433e-01
5.071089866156787593e+02,4.173457506509993808e-01
5.072925430210325430e+02,4.169351577904791273e-01
5.074760994263862131e+02,4.166122762529064771e-01
5.076596558317399968e+02,4.163810565394516217e-01
5.078432122370936668e+02,4.162454491512851407e-01
5.080267686424474505e+02,4.162270301812995288e-01
5.082103250478011205e+02,4.172201117492840283e-01
5.083938814531549042e+02,4.192517622627479623e-01
5.085774378585085742e+02,4.216638786275244133e-01
5.087609942638623579e+02,4.237983577494515708e-01
5.089445506692160848e+02,4.249970965343626284e-01
5.091281070745698116e+02,4.249913054830287140e-01
5.093116634799235385e+02,4.245972604180887067e-01
5.094952198852772653e+02,4.239227402147547896e-01
5.096787762906309922e+02,4.230132888821022119e-01
5.098623326959847191e+02,4.219144504292059450e-01
5.100458891013384459e+02,4.205623076001362426e-01
5.102294455066921728e+02,4.169613306062935343e-01
5.104130019120458996e+02,4.114493297045797582e-01
5.105965583173996265e+02,4.054814131886170792e-01
5.107801147227533534e+02,4.005126893520277731e-01
5.109636711281070802e+02,3.979982664884339494e-01
5.111472275334608071e+02,3.986421190264067271e-01
5.113307839388145339e+02,4.010775059996981029e-01
5.115143403441682608e+02,4.043577358836538682e-01
5.116978967495219877e+02,4.075663689107736354e-01
5.118814531548757145e+02,4.097869653135570722e-01
5.120650095602294414e+02,4.098220365161034939e-01
5.122485659655832251e+02,4.046006583356658859e-01
5.124321223709368951e+02,3.956546557471515846e-01
5.126156787762906788e+02,3.857031461891498036e-01
5.127992351816443488e+02,3.774652471002710175e-01
5.129827915869981325e+02,3.736600759191055499e-01
5.131663479923518025e+02,3.753715178631637506e-01
5.133499043977055862e+02,3.805008301588906350e-01
5.135334608030592562e+02,3.876467474033850613e-01
5.137170172084130400e+02,3.954194848064835344e-01
5.139005736137667100e+02,4.024292575780054615e-01
5.140841300191204937e+02,4.077039133807002780e-01
5.142676864244741637e+02,4.130818301210319454e-01
5.144512428298279474e+02,4.184352944348678771e-01
5.146347992351816174e+02,4.230881866834389493e-01
5.148183556405354011e+02,4.263643872279881397e-01
5.150019120458890711e+02,4.275876554830027043e-01
5.151854684512428548e+02,4.253505537410181558e-01
5.153690248565965248e+02,4.198835296207369394e-01
5.155525812619503085e+02,4.128982999555457223e-01
5.157361376673039786e+02,4.061065815788454936e-01
5.159196940726577623e+02,4.012200913240213662e-01
5.161032504780114323e+02,3.993137609018797551e-01
5.162868068833652160e+02,3.982943737810570872e-01
5.164703632887188860e+02,3.975807331547067114e-01
5.166539196940726697e+02,3.969139949622388919e-01
5.168374760994263397e+02,3.960353151430654473e-01
5.170210325047801234e+02,3.946656855339278347e-01
5.172045889101339071e+02,3.910664310703822477e-01
5.173881453154875771e+02,3.853181420786919720e-01
5.175717017208412472e+02,3.789374003919424583e-01
5.177552581261950309e+02,3.734407878432178807e-01
5.179388145315488146e+02,3.703448862656117946e-01
5.181223709369024846e+02,3.705180341607756112e-01
5.183059273422561546e+02,3.723983439452938082e-01
5.184894837476099383e+02,3.752803780100095743e-01
5.186730401529637220e+02,3.785818924350475845e-01
5.188565965583173920e+02,3.817206433005317368e-01
5.190401529636711757e+02,3.841545725393457622e-01
5.192237093690248457e+02,3.864955306662096746e-01
5.194072657743786294e+02,3.889178684718146983e-01
5.195908221797322994e+02,3.911109961832123783e-01
5.197743785850860831e+02,3.927643240274601433e-01
5.199579349904397532e+02,3.935672622316104263e-01
5.201414913957935369e+02,3.935033425632467052e-01
5.203250478011472069e+02,3.931176144481887680e-01
5.205086042065009906e+02,3.924777895501526115e-01
5.206921606118546606e+02,3.916286943199780990e-01
5.208757170172084443e+02,3.906151552085035394e-01
5.210592734225621143e+02,3.893650737179037424e-01
5.212428298279158980e+02,3.865445554659972527e-01
5.214263862332695680e+02,3.824218940287407165e-01
5.216099426386233517e+02,3.778404528745796798e-01
5.217934990439770218e+02,3.736435954719699026e-01
5.219770554493308055e+02,3.706746852893567645e-01
5.221606118546844755e+02,3.688699261195235723e-01
5.223441682600382592e+02,3.671983537513220375e-01
5.225277246653920429e+02,3.657523901258551979e-01
5.227112810707457129e+02,3.646410583021783003e-01
5.228948374760993829e+02,3.639733813393448703e-01
5.230783938814531666e+02,3.638020072545600780e-01
5.232619502868069503e+02,3.637387944507907700e-01
5.234455066921606203e+02,3.636887164613194501e-01
5.236290630975142903e+02,3.636522573778189216e-01
5.238126195028680741e+02,3.636299012919617657e-01
5.239961759082218578e+02,3.636221322954208968e-01
5.241797323135755278e+02,3.640864290877720011e-01
5.243632887189291978e+02,3.653475983908514024e-01
5.245468451242829815e+02,3.671432392574391357e-01
5.247304015296367652e+02,3.692107248289022703e-01
5.249139579349904352e+02,3.712874282466072651e-01
5.250975143403441052e+02,3.732597370842137274e-01
5.252810707456978889e+02,3.756417117518637272e-01
5.254646271510516726e+02,3.782515486608282185e-01
5.256481835564053426e+02,3.807900917880013281e-01
5.258317399617591263e+02,3.829581851102817347e-01
5.260152963671127964e+02,3.844598484010294803e-01
5.261988527724665801e+02,3.855706598630928572e-01
5.263824091778202501e+02,3.865847948769663422e-01
5.265659655831740338e+02,3.874462035660941051e-01
5.267495219885277038e+02,3.880988360539185389e-01
5.269330783938814875e+02,3.884866424638836468e-01
5.271166347992351575e+02,3.886215448350306967e-01
5.273001912045889412e+02,3.887179752182530756e-01
5.274837476099426112e+02,3.887951971433649678e-01
5.276673040152963949e+02,3.888512962212489210e-01
5.278508604206500650e+02,3.888843580627871499e-01
5.280344168260038487e+02,3.888359209990962517e-01
5.282179732313575187e+02,3.868879349978684434e-01
5.284015296367113024e+02,3.830460061659635151e-01
5.285850860420650861e+02,3.785097752152255524e-01
5.287686424474187561e+02,3.744788828575003059e-01
5.289521988527724261e+02,3.721529698046264767e-01
5.291357552581262098e+02,3.717830770236131843e-01
5.293193116634799935e+02,3.715628432648786506e-01
5.295028680688336635e+02,3.713907914476933247e-01
5.296864244741873335e+02,3.712695251737432312e-01
5.298699808795411172e+02,3.712016480447143940e-01
5.300535372848949009e+02,3.712308092327108455e-01
5.302370936902485710e+02,3.719626668692390670e-01
5.304206500956022410e+02,3.733822072911514023e-01
5.306042065009560247e+02,3.752086329730791037e-01
5.307877629063098084e+02,3.771611463896508698e-01
5.309713193116634784e+02,3.789589500154951773e-01
5.311548757170171484e+02,3.807064972875630615e-01
5.313384321223709321e+02,3.827851182821081499e-01
5.315219885277247158e+02,3.848890715591057887e-01
5.317055449330783858e+02,3.866992481647075208e-01
5.318891013384321695e+02,3.878965391450681088e-01
5.320726577437858396e+02,3.882512548486636295e-01
5.322562141491396233e+02,3.883910138381421739e-01
5.324397705544932933e+02,3.885031047544746374e-01
5.326233269598470770e+02,3.885858103807841024e-01
5.328068833652007470e+02,3.886374135001930963e-01
5.329904397705545307e+02,3.886561968958244795e-01
5.331739961759082007e+02,3.862046022674451851e-01
5.333575525812619844e+02,3.797365726060095703e-01
5.335411089866156544e+02,3.715098998432032618e-01
5.337246653919694381e+02,3.637907549552857334e-01
5.339082217973231081e+02,3.588453089185342226e-01
5.340917782026768919e+02,3.581601509418145812e-01
5.342753346080305619e+02,3.584597923424310273e-01
5.344588910133843456e+02,3.590223903008738504e-01
5.346424474187380156e+02,3.598096649811868830e-01
5.348260038240917993e+02,3.607833365474157339e-01
5.350095602294454693e+02,3.619101136139266650e-01
5.351931166347992530e+02,3.649063114106668726e-01
5.353766730401530367e+02,3.701604042525164506e-01
5.355602294455067067e+02,3.761926172288354575e-01
5.357437858508603767e+02,3.815231754289928334e-01
5.359273422562141604e+02,3.846723039423557422e-01
5.361108986615679441e+02,3.848254558171385065e-01
5.362944550669216142e+02,3.839415886673632206e-01
5.364780114722752842e+02,3.825172403395508680e-01
5.366615678776290679e+02,3.808087354979728945e-01
5.368451242829828516e+02,3.790723988069027994e-01
5.370286806883365216e+02,3.775521421930105870e-01
5.372122370936901916e+02,3.758724246082570386e-01
5.373957934990439753e+02,3.739696125334505683e-01
5.375793499043977590e+02,3.721476818006670961e-01
5.377629063097514290e+02,3.707106082419822646e-01
5.379464627151050991e+02,3.699623676894696067e-01
5.381300191204588828e+02,3.705093740692433912e-01
5.383135755258126665e+02,3.728984273684793904e-01
5.384971319311663365e+02,3.762504269635038590e-01
5.386806883365201202e+02,3.796172411169270733e-01
5.388642447418737902e+02,3.820507380913517048e-01
5.390478011472275739e+02,3.825707697261255258e-01
5.392313575525812439e+02,3.801886593195335506e-01
5.394149139579350276e+02,3.758035624928835472e-01
5.395984703632886976e+02,3.707840678321261407e-01
5.397820267686424813e+02,3.664987639232015204e-01
5.399655831739961513e+02,3.643162393520601450e-01
5.401491395793499350e+02,3.642669642769327254e-01
5.403326959847036051e+02,3.643248457989789468e-01
5.405162523900573888e+02,3.644252293087167915e-01
5.406998087954110588e+02,3.645666935398571562e-01
5.408833652007648425e+02,3.647478172261113261e-01
5.410669216061185125e+02,3.652126056450021307e-01
5.412504780114722962e+02,3.682122486468623612e-01
5.414340344168260799e+02,3.731405579153992402e-01
5.416175908221797499e+02,3.785484315991218263e-01
5.418011472275334199e+02,3.829867678465479486e-01
5.419847036328872036e+02,3.850064648061926609e-01
5.421682600382409873e+02,3.844485346047233354e-01
5.423518164435946574e+02,3.827846560952800070e-01
5.425353728489483274e+02,3.804538994885952596e-01
5.427189292543021111e+02,3.778868484583578491e-01
5.429024856596558948e+02,3.755140866782598064e-01
5.430860420650095648e+02,3.736190977569102678e-01
5.432695984703632348e+02,3.715779989159218033e-01
5.434531548757170185e+02,3.694957422422263105e-01
5.436367112810708022e+02,3.676594747446546019e-01
5.438202676864244722e+02,3.663563434320369350e-01
5.440038240917781422e+02,3.658733926123917124e-01
5.441873804971319259e+02,3.661613351310517017e-01
5.443709369024857097e+02,3.668443083089975576e-01
5.445544933078393797e+02,3.676903675389415205e-01
5.447380497131931634e+02,3.684675682135977182e-01
5.449216061185468334e+02,3.689439657256781691e-01
5.451051625239006171e+02,3.688977153761720529e-01
5.452887189292542871e+02,3.683383865506668631e-01
5.454722753346080708e+02,3.674997882070891730e-01
5.456558317399617408e+02,3.666245436371586286e-01
5.458393881453155245e+02,3.659552761325930437e-01
5.460229445506691945e+02,3.657373676145551644e-01
5.462065009560229782e+02,3.662968993455889000e-01
5.463900573613766483e+02,3.674669197178563884e-01
5.465736137667304320e+02,3.688656247602938865e-01
5.467571701720841020e+02,3.701112105018346532e-01
5.469407265774378857e+02,3.708218729714150008e-01
5.471242829827915557e+02,3.701873800066914355e-01
5.473078393881453394e+02,3.672237410107596634e-01
5.474913957934990094e+02,3.630049688322331547e-01
5.476749521988527931e+02,3.587299966604532986e-01
5.478585086042064631e+02,3.555977576847714205e-01
5.480420650095602468e+02,3.547516323065503241e-01
5.482256214149140305e+02,3.555586397631472773e-01
5.484091778202677006e+02,3.571565690844331065e-01
5.485927342256213706e+02,3.591542691850269087e-01
5.487762906309751543e+02,3.611605889795490021e-01
5.489598470363289380e+02,3.627843773826164298e-01
5.491434034416826080e+02,3.639640098458998829e-01
5.493269598470362780e+02,3.651698660226370685e-01
5.495105162523900617e+02,3.662938233242429842e-01
5.496940726577438454e+02,3.672039919579508926e-01
5.498776290630975154e+02,3.677684821309945007e-01
5.500611854684511854e+02,3.678539388972149049e-01
5.502447418738049691e+02,3.674016263661528670e-01
5.504282982791587528e+02,3.665619219328019041e-01
5.506118546845124229e+02,3.655141138298385051e-01
5.507954110898660929e+02,3.644374902899377711e-01
5.509789674952198766e+02,3.635113395457746921e-01
5.511625239005736603e+02,3.626882312545922638e-01
5.513460803059273303e+02,3.617697651551715077e-01
5.515296367112811140e+02,3.608812228496895980e-01
5.517131931166347840e+02,3.601515727771455455e-01
5.518967495219885677e+02,3.597097833765361963e-01
5.520803059273422377e+02,3.596779800030711072e-01
5.522638623326960214e+02,3.600372356173966448e-01
5.524474187380496915e+02,3.606451567116106260e-01
5.526309751434034752e+02,3.613561848089566486e-01
5.528145315487571452e+02,3.620247614326766450e-01
5.529980879541109289e+02,3.625053281060141019e-01
5.531816443594645989e+02,3.628466758874040465e-01
5.533652007648183826e+02,3.631810982480454530e-01
5.535487571701720526e+02,3.634771885745790576e-01
5.537323135755258363e+02,3.637035207830977002e-01
5.539158699808795063e+02,3.638286687896937766e-01
5.540994263862332900e+02,3.638273049678199533e-01
5.542829827915870737e+02,3.637171088934940677e-01
5.544665391969407438e+02,3.635148701614129285e-01
5.546500956022944138e+02,3.632346029502654949e-01
5.548336520076481975e+02,3.628903214387403930e-01
5.550172084130019812e+02,3.624906994418679584e-01
5.552007648183556512e+02,3.614343947461647888e-01
5.553843212237093212e+02,3.596498349183523957e-01
5.555678776290631049e+02,3.576300421855590495e-01
5.557514340344168886e+02,3.558680387749162954e-01
5.559349904397705586e+02,3.548568469135547354e-01
5.561185468451242286e+02,3.549517731093316253e-01
5.563021032504780123e+02,3.557865149243150116e-01
5.564856596558317960e+02,3.569926684393421312e-01
5.566692160611854661e+02,3.582257358456759633e-01
5.568527724665391361e+02,3.591412193345814297e-01
5.570363288718929198e+02,3.594078349765770786e-01
5.572198852772467035e+02,3.592336926567827327e-01
5.574034416826003735e+02,3.588950903863044051e-01
5.575869980879541572e+02,3.584997971430645136e-01
5.577705544933078272e+02,3.581555819049860867e-01
5.579541108986616109e+02,3.579702136499914866e-01
5.581376673040152809e+02,3.581062191449259635e-01
5.583212237093690646e+02,3.586439198340748979e-01
5.585047801147227347e+02,3.593844445854944558e-01
5.586883365200765184e+02,3.601195462336451159e-01
5.588718929254301884e+02,3.606409776129859135e-01
5.590554493307839721e+02,3.607347323166681941e-01
5.592390057361376421e+02,3.602386423890424072e-01
5.594225621414914258e+02,3.593553026602838152e-01
5.596061185468450958e+02,3.583570646388821723e-01
5.597896749521988795e+02,3.575162798333249570e-01
5.599732313575525495e+02,3.571052997521018679e-01
5.601567877629063332e+02,3.571145635106953153e-01
5.603403441682600032e+02,3.571732348872764251e-01
5.605239005736137869e+02,3.572662745374071136e-01
5.607074569789674570e+02,3.573858676034980530e-01
5.608910133843212407e+02,3.575241992279598602e-01
5.610745697896750244e+02,3.576959503125641260e-01
5.612581261950286944e+02,3.580590577209147307e-01
5.614416826003823644e+02,3.585500632518803243e-01
5.616252390057361481e+02,3.590509824515237258e-01
5.618087954110899318e+02,3.594438308659071435e-01
5.619923518164436018e+02,3.596106240410929522e-01
5.621759082217972718e+02,3.594846301775351805e-01
5.623594646271510555e+02,3.591460882792342213e-01
5.625430210325048392e+02,3.586928886076132250e-01
5.627265774378585093e+02,3.582228869919562020e-01
5.629101338432121793e+02,3.578339392615464964e-01
5.630936902485659630e+02,3.575908517099202211e-01
5.632772466539197467e+02,3.573714562086779956e-01
5.634608030592734167e+02,3.571680457509261997e-01
5.636443594646272004e+02,3.570001926852595098e-01
5.638279158699808704e+02,3.568874693602727688e-01
5.640114722753346541e+02,3.568521833333758719e-01
5.641950286806883241e+02,3.575885121784826981e-01
5.643785850860421078e+02,3.592430483105253369e-01
5.645621414913957778e+02,3.612631403216914894e-01
5.647456978967495616e+02,3.630961368041728532e-01
5.649292543021032316e+02,3.641893863501570183e-01
5.651128107074570153e+02,3.636686297609763030e-01
5.652963671128106853e+02,3.605393782047752183e-01
5.654799235181644690e+02,3.559473675085476074e-01
5.656634799235181390e+02,3.512111411224613233e-01
5.658470363288719227e+02,3.476492424966736161e-01
5.660305927342255927e+02,3.465323035688139264e-01
5.662141491395793764e+02,3.466633712371942622e-01
5.663977055449330464e+02,3.469487257864887764e-01
5.665812619502868301e+02,3.473334725723870031e-01
5.667648183556405002e+02,3.477627169505777549e-01
5.669483747609942839e+02,3.481815642767508434e-01
5.671319311663480676e+02,3.486087154403370580e-01
5.673154875717017376e+02,3.491648660350287758e-01
5.674990439770554076e+02,3.497573507767821055e-01
5.676826003824091913e+02,3.502815803457918764e-01
5.678661567877629750e+02,3.506329654222521963e-01
5.680497131931166450e+02,3.507193079069910735e-01
5.682332695984703150e+02,3.507024072309484763e-01
5.684168260038240987e+02,3.506715602949044830e-01
5.686003824091778824e+02,3.506363645250966110e-01
5.687839388145315525e+02,3.506064173477623780e-01
5.689674952198852225e+02,3.505913161891392460e-01
5.691510516252390062e+02,3.512058879129369982e-01
5.693346080305927899e+02,3.531979958686039534e-01
5.695181644359464599e+02,3.558581623196999111e-01
5.697017208413001299e+02,3.584449581845925437e-01
5.698852772466539136e+02,3.602169543816493569e-01
5.700688336520076973e+02,3.605762273564530607e-01
5.702523900573613673e+02,3.605169100447263020e-01
5.704359464627151510e+02,3.603985536920973343e-01
5.706195028680688210e+02,3.602309935158237719e-01
5.708030592734226047e+02,3.600240647331628407e-01
5.709866156787762748e+02,3.597876025613721551e-01
5.711701720841300585e+02,3.592898211202403824e-01
5.713537284894837285e+02,3.583752565984062999e-01
5.715372848948375122e+02,3.573005702757914293e-01
5.717208413001911822e+02,3.563241383637259507e-01
5.719043977055449659e+02,3.557043370735379351e-01
5.720879541108986359e+02,3.556359145456155502e-01
5.722715105162524196e+02,3.558339358696808730e-01
5.724550669216060896e+02,3.561468113638090460e-01
5.726386233269598733e+02,3.564822732428452601e-01
5.728221797323135434e+02,3.567480537216337622e-01
5.730057361376673271e+02,3.568516694388160215e-01
5.731892925430211108e+02,3.565239455133316637e-01
5.733728489483747808e+02,3.557377250351580478e-01
5.735564053537284508e+02,3.547235042371056357e-01
5.737399617590822345e+02,3.537117793519843900e-01
5.739235181644360182e+02,3.529330466126059385e-01
5.741070745697896882e+02,3.525160303256204553e-01
5.742906309751433582e+02,3.521607134677406936e-01
5.744741873804971419e+02,3.518457024051626081e-01
5.746577437858509256e+02,3.515955695111969148e-01
5.748413001912045956e+02,3.514348871591537193e-01
5.750248565965582657e+02,3.513926756474198831e-01
5.752084130019120494e+02,3.517475546144429033e-01
5.753919694072658331e+02,3.525208174887609069e-01
5.755755258126195031e+02,3.535261756112823006e-01
5.757590822179731731e+02,3.545773403229167675e-01
5.759426386233269568e+02,3.554880229645741019e-01
5.761261950286807405e+02,3.562016334947403218e-01
5.763097514340344105e+02,3.569662691275470312e-01
5.764933078393881942e+02,3.577096460470410855e-01
5.766768642447418642e+02,3.583341260812528128e-01
5.768604206500956479e+02,3.587420710582144290e-01
5.770439770554493180e+02,3.588319660523122123e-01
5.772275334608031017e+02,3.584797549573905950e-01
5.774110898661567717e+02,3.577806744371864744e-01
5.775946462715105554e+02,3.568937497325808672e-01
5.777782026768642254e+02,3.559780060844566218e-01
5.779617590822180091e+02,3.551924687336944220e-01
5.781453154875716791e+02,3.545445128664692636e-01
5.783288718929254628e+02,3.538364121282828179e-01
5.785124282982791328e+02,3.531518034699170916e-01
5.786959847036329165e+02,3.525843531297930267e-01
5.788795411089865866e+02,3.522277273463331748e-01
5.790630975143403703e+02,3.521791373940070802e-01
5.792466539196940403e+02,3.525136533957453633e-01
5.794302103250478240e+02,3.531462217769364420e-01
5.796137667304014940e+02,3.539640495286034971e-01
5.797973231357552777e+02,3.548543436417713193e-01
5.799808795411090614e+02,3.557043111074632002e-01
5.801644359464627314e+02,3.566358397860233675e-01
5.803479923518164014e+02,3.578201320631699267e-01
5.805315487571701851e+02,3.590425675569327013e-01
5.807151051625239688e+02,3.600851625750693952e-01
5.808986615678776388e+02,3.607299334253384338e-01
5.810822179732313089e+02,3.608243454887807289e-01
5.812657743785850926e+02,3.607216324042617495e-01
5.814493307839388763e+02,3.605305066007672421e-01
5.816328871892925463e+02,3.602724131240181427e-01
5.818164435946462163e+02,3.599687970197350539e-01
5.820000000000000000e+02,3.596411033336384122e-01
5.821835564053537837e+02,3.590870793482598966e-01
5.823671128107074537e+02,3.582307044956222764e-01
5.825506692160611237e+02,3.572827720456814293e-01
5.827342256214149074e+02,3.564540752683930114e-01
5.829177820267686911e+02,3.559554074337144547e-01
5.831013384321223612e+02,3.560456158127102699e-01
5.832848948374761449e+02,3.569346907570418170e-01
5.834684512428298149e+02,3.582958551829929505e-01
5.836520076481835986e+02,3.597510093390713370e-01
5.838355640535372686e+02,3.609220534737811459e-01
5.840191204588910523e+02,3.614362714405582877e-01
5.842026768642447223e+02,3.615805950280308045e-01
5.843862332695985060e+02,3.617002860258766161e-01
5.845697896749521760e+02,3.617926457872255308e-01
5.847533460803059597e+02,3.618549756652075233e-01
5.849369024856596297e+02,3.618845770129521799e-01
5.851204588910134134e+02,3.618591076975573029e-01
5.853040152963670835e+02,3.617218233701032237e-01
5.854875717017208672e+02,3.614906773200571299e-01
5.856711281070745372e+02,3.611895357139177087e-01
5.858546845124283209e+02,3.608422647181827592e-01
5.860382409177821046e+02,3.604605621685846306e-01
5.862217973231357746e+02,3.597474763808554132e-01
5.864053537284894446e+02,3.587426031261638504e-01
5.865889101338432283e+02,3.576835784191561562e-01
5.867724665391970120e+02,3.568080382744800993e-01
5.869560229445506820e+02,3.563536187067832262e-01
5.871395793499043521e+02,3.566663937215842073e-01
5.873231357552581358e+02,3.578766974401357825e-01
5.875066921606119195e+02,3.595365433934277766e-01
5.876902485659655895e+02,3.611804542013010155e-01
5.878738049713192595e+02,3.623429524835986015e-01
5.880573613766730432e+02,3.626226438051038947e-01
5.882409177820268269e+02,3.626261936154414056e-01
5.884244741873804969e+02,3.626281396158988479e-01
5.886080305927341669e+02,3.626296158556471805e-01
5.887915869980879506e+02,3.626317563838574731e-01
5.889751434034417343e+02,3.626356952497002961e-01
5.891586998087954044e+02,3.628288836481052826e-01
5.893422562141491881e+02,3.633997682420145869e-01
5.895258126195028581e+02,3.641470689390941540e-01
5.897093690248566418e+02,3.648643003976599353e-01
5.898929254302103118e+02,3.653449772760261061e-01
5.900764818355640955e+02,3.653982117216196812e-01
5.902600382409177655e+02,3.650734731610569828e-01
5.904435946462715492e+02,3.645401373421415236e-01
5.906271510516252192e+02,3.639577687015418950e-01
5.908107074569790029e+02,3.634859316759256331e-01
5.909942638623326729e+02,3.632841907019612182e-01
5.911778202676864566e+02,3.633915889158123580e-01
5.913613766730401267e+02,3.636771262855833520e-01
5.915449330783939104e+02,3.640613216673955210e-01
5.917284894837475804e+02,3.644647804366766830e-01
5.919120458891013641e+02,3.648081079688554329e-01
5.920956022944550341e+02,3.650405289011154908e-01
5.922791586998088178e+02,3.652625962004485416e-01
5.924627151051624878e+02,3.654734914179798011e-01
5.926462715105162715e+02,3.656503354279820872e-01
5.928298279158700552e+02,3.657702491047277737e-01
5.930133843212237252e+02,3.658105631272921543e-01
5.931969407265773953e+02,3.657991934674448831e-01
5.933804971319311790e+02,3.657739682298116191e-01
5.935640535372849627e+02,3.657432794362690531e-01
5.937476099426386327e+02,3.657155191086938761e-01
5.939311663479923027e+02,3.656990792689627789e-01
5.941147227533460864e+02,3.658634208787903130e-01
5.942982791586998701e+02,3.666702816238215368e-01
5.944818355640535401e+02,3.678481532480709082e-01
5.946653919694072101e+02,3.690594334349038830e-01
5.948489483747609938e+02,3.699665198676861388e-01
5.950325047801147775e+02,3.702448104442929155e-01
5.952160611854684475e+02,3.701761350668261730e-01
5.953996175908221176e+02,3.700264890490775893e-01
5.955831739961759013e+02,3.698222012522155988e-01
5.957667304015296850e+02,3.695896005374086357e-01
5.959502868068833550e+02,3.693550157658255229e-01
5.961338432122371387e+02,3.690961983115962353e-01
5.963173996175908087e+02,3.687360855663779913e-01
5.965009560229445924e+02,3.683419950893700445e-01
5.966845124282982624e+02,3.679885363867018699e-01
5.968680688336520461e+02,3.677503189645022763e-01
5.970516252390057161e+02,3.677338454681810531e-01
5.972351816443594998e+02,3.684634948576360203e-01
5.974187380497131699e+02,3.698332509775662524e-01
5.976022944550669536e+02,3.714921674376959193e-01
5.977858508604206236e+02,3.730892978477456379e-01
5.979694072657744073e+02,3.742736958174396888e-01
5.981529636711280773e+02,3.750198328028381267e-01
5.983365200764818610e+02,3.757374683290686246e-01
5.985200764818355310e+02,3.763764121560713716e-01
5.987036328871893147e+02,3.768747956528946119e-01
5.988871892925430984e+02,3.771707501885853686e-01
5.990707456978967684e+02,3.772027422493482995e-01
5.992543021032504384e+02,3.769697044480240788e-01
5.994378585086042222e+02,3.765789816970461223e-01
5.996214149139580059e+02,3.761483775385681128e-01
5.998049713193116759e+02,3.757956955147441769e-01
5.999885277246653459e+02,3.756387391677275533e-01
6.001720841300191296e+02,3.757857406188218063e-01
6.003556405353729133e+02,3.761996832224992482e-01
6.005391969407265833e+02,3.767704677761401499e-01
6.007227533460802533e+02,3.773878891736436869e-01
6.009063097514340370e+02,3.779417423089088679e-01
6.010898661567878207e+02,3.783538728888189984e-01
6.012734225621414907e+02,3.787463399537728814e-01
6.014569789674951608e+02,3.791258193802041765e-01
6.016405353728489445e+02,3.794678746103385403e-01
6.018240917782027282e+02,3.797480690864011299e-01
6.020076481835563982e+02,3.799420075369397409e-01
6.021912045889101819e+02,3.800597059109865339e-01
6.023747609942638519e+02,3.801396510855841737e-01
6.025583173996176356e+02,3.802059144445527061e-01
6.027418738049713056e+02,3.802825673717118993e-01
6.029254302103250893e+02,3.803936812508819099e-01
6.031089866156787593e+02,3.806293371408917547e-01
6.032925430210325430e+02,3.812009920731896373e-01
6.034760994263862131e+02,3.819564491002249706e-01
6.036596558317399968e+02,3.827067495240623618e-01
6.038432122370936668e+02,3.832629346467650855e-01
6.040267686424474505e+02,3.834392545087006998e-01
6.042103250478011205e+02,3.832971672587716094e-01
6.043938814531549042e+02,3.830064845559791320e-01
6.045774378585085742e+02,3.826613658952071062e-01
6.047609942638623579e+02,3.823559707713390932e-01
6.049445506692160279e+02,3.821844586792588205e-01
6.051281070745698116e+02,3.823449070365989577e-01
6.053116634799234816e+02,3.830794100317943540e-01
6.054952198852772653e+02,3.841831552917978621e-01
6.056787762906310491e+02,3.854269437699010536e-01
6.058623326959847191e+02,3.865815764193950010e-01
6.060458891013383891e+02,3.874314173510757242e-01
6.062294455066921728e+02,3.881094979402016087e-01
6.064130019120459565e+02,3.887308540876051599e-01
6.065965583173996265e+02,3.893114360210767066e-01
6.067801147227532965e+02,3.898671939684074661e-01
6.069636711281070802e+02,3.904140781573885444e-01
6.071472275334608639e+02,3.909366594341953105e-01
6.073307839388145339e+02,3.914014996359916343e-01
6.075143403441682040e+02,3.918499387652718546e-01
6.076978967495219877e+02,3.923254068278725915e-01
6.078814531548757714e+02,3.928713338296297430e-01
6.080650095602294414e+02,3.935447407787057705e-01
6.082485659655832251e+02,3.944912334561141432e-01
6.084321223709368951e+02,3.956297254490894200e-01
6.086156787762906788e+02,3.968212576293020932e-01
6.087992351816443488e+02,3.979268708684199352e-01
6.089827915869981325e+02,3.988076060381136045e-01
6.091663479923518025e+02,3.994576218876166873e-01
6.093499043977055862e+02,4.000245482745958814e-01
6.095334608030592562e+02,4.005307188810361962e-01
6.097170172084130400e+02,4.009972773474035912e-01
6.099005736137667100e+02,4.014453673141629153e-01
6.100841300191204937e+02,4.018886185904964603e-01
6.102676864244741637e+02,4.022946999801850221e-01
6.104512428298279474e+02,4.026744040168235839e-01
6.106347992351816174e+02,4.030490251324698736e-01
6.108183556405354011e+02,4.034398577591827850e-01
6.110019120458890711e+02,4.038681911010599257e-01
6.111854684512428548e+02,4.043085185024621886e-01
6.113690248565965248e+02,4.047466223673961694e-01
6.115525812619503085e+02,4.052177436948064537e-01
6.117361376673040922e+02,4.057571234836369056e-01
6.119196940726577623e+02,4.064000027328311115e-01
6.121032504780114323e+02,4.072572957918018099e-01
6.122868068833652160e+02,4.086092491259195603e-01
6.124703632887189997e+02,4.102707113156116581e-01
6.126539196940726697e+02,4.120019823302251138e-01
6.128374760994263397e+02,4.135633621391090475e-01
6.130210325047801234e+02,4.147176273070553032e-01
6.132045889101339071e+02,4.155207235895831963e-01
6.133881453154875771e+02,4.161694516402155708e-01
6.135717017208412472e+02,4.167561121140040403e-01
6.137552581261950309e+02,4.173730056659998855e-01
6.139388145315488146e+02,4.181124329512538873e-01
6.141223709369024846e+02,4.190546728441642554e-01
6.143059273422561546e+02,4.201912028426419421e-01
6.144894837476099383e+02,4.214804031321323086e-01
6.146730401529637220e+02,4.228811892484412582e-01
6.148565965583173920e+02,4.243524767273745280e-01
6.150401529636711757e+02,4.258552331771017219e-01
6.152237093690248457e+02,4.274185289152069855e-01
6.154072657743786294e+02,4.290732205587499681e-01
6.155908221797322994e+02,4.308291731881135900e-01
6.157743785850860831e+02,4.326962518836848792e-01
6.159579349904397532e+02,4.346843217258464787e-01
6.161414913957935369e+02,4.368845858245705704e-01
6.163250478011472069e+02,4.394050348847736709e-01
6.165086042065009906e+02,4.420974756820866824e-01
6.166921606118546606e+02,4.448050667098316646e-01
6.168757170172084443e+02,4.473709664613372827e-01
6.170592734225621143e+02,4.496578988243434272e-01
6.172428298279158980e+02,4.518165707316129653e-01
6.174263862332695680e+02,4.538960637121187136e-01
6.176099426386233517e+02,4.558693602387511867e-01
6.177934990439771354e+02,4.577094427843967916e-01
6.179770554493308055e+02,4.593892938219422684e-01
6.181606118546844755e+02,4.609148622321879163e-01
6.183441682600382592e+02,4.623341716265025880e-01
6.185277246653920429e+02,4.636592862027344442e-01
6.187112810707457129e+02,4.649016976593383643e-01
6.188948374760993829e+02,4.660728976947706714e-01
6.190783938814531666e+02,4.672091686396301347e-01
6.192619502868069503e+02,4.684648393244514875e-01
6.194455066921606203e+02,4.697300630315449088e-01
6.196290630975142903e+02,4.708407779458392284e-01
6.198126195028680741e+02,4.716329222522628872e-01
6.199961759082218578e+02,4.719424341357429942e-01
6.201797323135755278e+02,4.717889409872079165e-01
6.203632887189291978e+02,4.713578888645117981e-01
6.205468451242829815e+02,4.707152010809766418e-01
6.207304015296367652e+02,4.699267344268546198e-01
6.209139579349904352e+02,4.690583456923980155e-01
6.210975143403442189e+02,4.680985665711849264e-01
6.212810707456978889e+02,4.667343108816509045e-01
6.214646271510516726e+02,4.650488774685493931e-01
6.216481835564053426e+02,4.631887178433085617e-01
6.218317399617591263e+02,4.613002835173526384e-01
6.220152963671127964e+02,4.595287838864141050e-01
6.221988527724665801e+02,4.577953594385044123e-01
6.223824091778202501e+02,4.560121063682248121e-01
6.225659655831740338e+02,4.542277275323421959e-01
6.227495219885277038e+02,4.524909257876283397e-01
6.229330783938814875e+02,4.508504039908501348e-01
6.231166347992351575e+02,4.493323435132085542e-01
6.233001912045889412e+02,4.478813286520847425e-01
6.234837476099426112e+02,4.464893040630907861e-01
6.236673040152963949e+02,4.451545108537229845e-01
6.238508604206500650e+02,4.438751901314808013e-01
6.240344168260038487e+02,4.426481882772105858e-01
6.242179732313575187e+02,4.414299906136462948e-01
6.244015296367113024e+02,4.402305308325424882e-01
6.245850860420650861e+02,4.390906158389684122e-01
6.247686424474187561e+02,4.380510525379928133e-01
6.249521988527724261e+02,4.371526478346832723e-01
6.251357552581262098e+02,4.363762233329827045e-01
6.253193116634799935e+02,4.356161129048145564e-01
6.255028680688336635e+02,4.349163420852112938e-01
6.256864244741873335e+02,4.343284954044007162e-01
6.258699808795411172e+02,4.339041573926114004e-01
6.260535372848949009e+02,4.336846788895407645e-01
6.262370936902485710e+02,4.335387074671306906e-01
6.264206500956022410e+02,4.334148507621956026e-01
6.266042065009560247e+02,4.333181851650619310e-01
6.267877629063098084e+02,4.332537870660564394e-01
6.269713193116634784e+02,4.332267328555055030e-01
6.271548757170171484e+02,4.332979287404793989e-01
6.273384321223709321e+02,4.335280867293115348e-01
6.275219885277247158e+02,4.338477951807288568e-01
6.277055449330783858e+02,4.341854156974190304e-01
6.278891013384321695e+02,4.344693098820706090e-01
6.280726577437858396e+02,4.346379724670430544e-01
6.282562141491396233e+02,4.347450060517707437e-01
6.284397705544932933e+02,4.348280911676706273e-01
6.286233269598470770e+02,4.349068539956586488e-01
6.288068833652007470e+02,4.350009207166502523e-01
6.289904397705545307e+02,4.351299175115612150e-01
6.291739961759082007e+02,4.353593228422157346e-01
6.293575525812619844e+02,4.357110737531709743e-01
6.295411089866156544e+02,4.361199676534494585e-01
6.297246653919694381e+02,4.365206250938272747e-01
6.299082217973231081e+02,4.368476666250796225e-01
6.300917782026768919e+02,4.370507503072904587e-01
6.302753346080305619e+02,4.371886071904222959e-01
6.304588910133843456e+02,4.372974914675386571e-01
6.306424474187381293e+02,4.374023848716550589e-01
6.308260038240917993e+02,4.375282691357867959e-01
6.310095602294454693e+02,4.377002984986912426e-01
6.311931166347992530e+02,4.379958802768787463e-01
6.313766730401530367e+02,4.384167301457176924e-01
6.315602294455067067e+02,4.388932604942502036e-01
6.317437858508603767e+02,4.393558837115187909e-01
6.319273422562141604e+02,4.397350121865661876e-01
6.321108986615679441e+02,4.399805897127535559e-01
6.322944550669216142e+02,4.401486742039129596e-01
6.324780114722752842e+02,4.402837506691972824e-01
6.326615678776290679e+02,4.404247542075869770e-01
6.328451242829828516e+02,4.406106199180626071e-01
6.330286806883365216e+02,4.408892531354754452e-01
6.332122370936901916e+02,4.416793527295974631e-01
6.333957934990439753e+02,4.429470500708561631e-01
6.335793499043977590e+02,4.443518887613801538e-01
6.337629063097514290e+02,4.455534124032977661e-01
6.339464627151052127e+02,4.462111645987396624e-01
6.341300191204588828e+02,4.461216204431169285e-01
6.343135755258126665e+02,4.455919392842698779e-01
6.344971319311663365e+02,4.448357599183287991e-01
6.346806883365201202e+02,4.440511395586682064e-01
6.348642447418737902e+02,4.434361354186644455e-01
6.350478011472275739e+02,4.431728764940464638e-01
6.352313575525812439e+02,4.430755371796685771e-01
6.354149139579350276e+02,4.430127684402559995e-01
6.355984703632886976e+02,4.429615363371646741e-01
6.357820267686424813e+02,4.428988069317502663e-01
6.359655831739961513e+02,4.428015462853684969e-01
6.361491395793499350e+02,4.425566353609486914e-01
6.363326959847036051e+02,4.420571984488784190e-01
6.365162523900573888e+02,4.414464358672642863e-01
6.366998087954110588e+02,4.408733534108039143e-01
6.368833652007648425e+02,4.404869568741933694e-01
6.370669216061185125e+02,4.404364165704538481e-01
6.372504780114722962e+02,4.407725278937982272e-01
6.374340344168260799e+02,4.413441954186896887e-01
6.376175908221797499e+02,4.419781364221507802e-01
6.378011472275334199e+02,4.425010681812046043e-01
6.379847036328872036e+02,4.427397079728742635e-01
6.381682600382409873e+02,4.425875036737290102e-01
6.383518164435946574e+02,4.421615098867165417e-01
6.385353728489483274e+02,4.416132966883447031e-01
6.387189292543021111e+02,4.410942584462324567e-01
6.389024856596558948e+02,4.407557895279998750e-01
6.390860420650095648e+02,4.407340240692994016e-01
6.392695984703632348e+02,4.409805388534779325e-01
6.394531548757170185e+02,4.413732691750668624e-01
6.396367112810708022e+02,4.417972209317410637e-01
6.398202676864244722e+02,4.421374000211749644e-01
6.400038240917781422e+02,4.422788788877549115e-01
6.401873804971319259e+02,4.422865679578832365e-01
6.403709369024857097e+02,4.422908008720655704e-01
6.405544933078393797e+02,4.422936097380081866e-01
6.407380497131931634e+02,4.422970266634173031e-01
6.409216061185468334e+02,4.423030837559993045e-01
6.411051625239006171e+02,4.423397117764520936e-01
6.412887189292542871e+02,4.425146351783494358e-01
6.414722753346080708e+02,4.428164762657378906e-01
6.416558317399617408e+02,4.432185937241196472e-01
6.418393881453155245e+02,4.436943462389978943e-01
6.420229445506691945e+02,4.442204968055017966e-01
6.422065009560229782e+02,4.450193216948587493e-01
6.423900573613766483e+02,4.461622596613015745e-01
6.425736137667304320e+02,4.475438850812176739e-01
6.427571701720841020e+02,4.490587723309912294e-01
6.429407265774378857e+02,4.506014957870099202e-01
6.431242829827915557e+02,4.522786085910225906e-01
6.433078393881453394e+02,4.544992266230391542e-01
6.434913957934991231e+02,4.568916227643843864e-01
6.436749521988527931e+02,4.590302914018564162e-01
6.438585086042064631e+02,4.604897269222568146e-01
6.440420650095602468e+02,4.608697411013334411e-01
6.442256214149140305e+02,4.605520254653802104e-01
6.444091778202677006e+02,4.599514030618692684e-01
6.445927342256213706e+02,4.592571355610831629e-01
6.447762906309751543e+02,4.586584846333040533e-01
6.449598470363289380e+02,4.583447119488151533e-01
6.451434034416826080e+02,4.590337569606534052e-01
6.453269598470362780e+02,4.615443091517044683e-01
6.455105162523900617e+02,4.651075333764084774e-01
6.456940726577438454e+02,4.689051104311725560e-01
6.458776290630975154e+02,4.721187211124034389e-01
6.460611854684511854e+02,4.740447039524515738e-01
6.462447418738049691e+02,4.755630187710834789e-01
6.464282982791587528e+02,4.769631287339515247e-01
6.466118546845124229e+02,4.781277981769936347e-01
6.467954110898660929e+02,4.789397914361495645e-01
6.469789674952198766e+02,4.792818728473582368e-01
6.471625239005736603e+02,4.792504305243640572e-01
6.473460803059273303e+02,4.791349027696792939e-01
6.475296367112810003e+02,4.789544968983577289e-01
6.477131931166347840e+02,4.787251339581915510e-01
6.478967495219885677e+02,4.784627349969733379e-01
6.480803059273423514e+02,4.781388018730908795e-01
6.482638623326960214e+02,4.774871491160664339e-01
6.484474187380496915e+02,4.766268005704987210e-01
6.486309751434034752e+02,4.757600351882090850e-01
6.488145315487572589e+02,4.750891319210202024e-01
6.489980879541109289e+02,4.748163697207543610e-01
6.491816443594645989e+02,4.757053699415233483e-01
6.493652007648183826e+02,4.779096495652598309e-01
6.495487571701721663e+02,4.806708829892444856e-01
6.497323135755258363e+02,4.832306650386695712e-01
6.499158699808795063e+02,4.848305905387314541e-01
6.500994263862332900e+02,4.848007369815387491e-01
6.502829827915870737e+02,4.833835724355243779e-01
6.504665391969407438e+02,4.812228162063095782e-01
6.506500956022944138e+02,4.789474092770418245e-01
6.508336520076481975e+02,4.771862926308682584e-01
6.510172084130019812e+02,4.765820016061513287e-01
6.512007648183556512e+02,4.790902719126232112e-01
6.513843212237093212e+02,4.845204816689211436e-01
6.515678776290631049e+02,4.910802590719616223e-01
6.517514340344168886e+02,4.969772323186507634e-01
6.519349904397705586e+02,5.004190296058966814e-01
6.521185468451242286e+02,5.000155419159343362e-01
6.523021032504780123e+02,4.967901498488486167e-01
6.524856596558317960e+02,4.921296453560509154e-01
6.526692160611854661e+02,4.873651472092191961e-01
6.528527724665391361e+02,4.838277741800237064e-01
6.530363288718929198e+02,4.828418165682984986e-01
6.532198852772467035e+02,4.849519945963696732e-01
6.534034416826003735e+02,4.892990952851907216e-01
6.535869980879540435e+02,4.948864646107822840e-01
6.537705544933078272e+02,5.007174485491678873e-01
6.539541108986616109e+02,5.057953930763626760e-01
6.541376673040152809e+02,5.098641191668871198e-01
6.543212237093689509e+02,5.140715858993564202e-01
6.545047801147227347e+02,5.181520570066415754e-01
6.546883365200765184e+02,5.217643490402701367e-01
6.548718929254303021e+02,5.245672785517716541e-01
6.550554493307839721e+02,5.262582062617955359e-01
6.552390057361376421e+02,5.272563946727740758e-01
6.554225621414914258e+02,5.279465424259502937e-01
6.556061185468452095e+02,5.285535680987640816e-01
6.557896749521988795e+02,5.293023902686556648e-01
6.559732313575525495e+02,5.304179275130660454e-01
6.561567877629063332e+02,5.327945691228310743e-01
6.563403441682601169e+02,5.371437225727907494e-01
6.565239005736137869e+02,5.425625780811210719e-01
6.567074569789674570e+02,5.481247303158159889e-01
6.568910133843212407e+02,5.529037739448703359e-01
6.570745697896750244e+02,5.561111043519176844e-01
6.572581261950286944e+02,5.584493399533138058e-01
6.574416826003823644e+02,5.604038019872937815e-01
6.576252390057361481e+02,5.622352074847291048e-01
6.578087954110899318e+02,5.642042734764897149e-01
6.579923518164436018e+02,5.665717169934446629e-01
6.581759082217972718e+02,5.695792190547264155e-01
6.583594646271510555e+02,5.731341691371892866e-01
6.585430210325048392e+02,5.769796318129900570e-01
6.587265774378585093e+02,5.808585578225494706e-01
6.589101338432121793e+02,5.845138979062931561e-01
6.590936902485659630e+02,5.877758553087890636e-01
6.592772466539197467e+02,5.909568230003920952e-01
6.594608030592734167e+02,5.940495765971423037e-01
6.596443594646270867e+02,5.969736716250784170e-01
6.598279158699808704e+02,5.996486636102382750e-01
6.600114722753346541e+02,6.019940948732538377e-01
6.601950286806883241e+02,6.039677360973380038e-01
6.603785850860419941e+02,6.056766608105758065e-01
6.605621414913957778e+02,6.072636064140842782e-01
6.607456978967495616e+02,6.088713103089795631e-01
6.609292543021033453e+02,6.106425098963778053e-01
6.611128107074570153e+02,6.128446484074551170e-01
6.612963671128106853e+02,6.157995396907549601e-01
6.614799235181644690e+02,6.190087560993745575e-01
6.616634799235182527e+02,6.219073041874764174e-01
6.618470363288719227e+02,6.239301905092239364e-01
6.620305927342255927e+02,6.245229459560923679e-01
6.622141491395793764e+02,6.238336182565776822e-01
6.623977055449331601e+02,6.224526496773485906e-01
6.625812619502868301e+02,6.208241708167511197e-01
6.627648183556405002e+02,6.193923122731291864e-01
6.629483747609942839e+02,6.186012046448271517e-01
6.631319311663480676e+02,6.214282199742743318e-01
6.633154875717017376e+02,6.332444226588780367e-01
6.634990439770554076e+02,6.509548732480185951e-01
6.636826003824091913e+02,6.710242815932812022e-01
6.638661567877629750e+02,6.899173575462228536e-01
6.640497131931166450e+02,7.044735650344097211e-01
6.642332695984703150e+02,7.187302726541597853e-01
6.644168260038240987e+02,7.333776349120317839e-01
6.646003824091778824e+02,7.465361167200500470e-01
6.647839388145315525e+02,7.563261829902423461e-01
6.649674952198852225e+02,7.608682986346533283e-01
6.651510516252390062e+02,7.603524316665231098e-01
6.653346080305927899e+02,7.583080830060069388e-01
6.655181644359464599e+02,7.555781567961457057e-01
6.657017208413001299e+02,7.529235252304321557e-01
6.658852772466539136e+02,7.511050605023597004e-01
6.660688336520076973e+02,7.514164770711545538e-01
6.662523900573613673e+02,7.587625181320589718e-01
6.664359464627150373e+02,7.711670494150265620e-01
6.666195028680688210e+02,7.848801476666454890e-01
6.668030592734226047e+02,7.961518896334821571e-01
6.669866156787762748e+02,8.012323520621092987e-01
6.671701720841300585e+02,7.986767243066358324e-01
6.673537284894837285e+02,7.914836459691295678e-01
6.675372848948375122e+02,7.818965374456946504e-01
6.677208413001912959e+02,7.721498625088912826e-01
6.679043977055449659e+02,7.644780849312805548e-01
6.680879541108986359e+02,7.604566679771497251e-01
6.682715105162524196e+02,7.572769431561596765e-01
6.684550669216062033e+02,7.544563804558888087e-01
6.686386233269598733e+02,7.521992548190931105e-01
6.688221797323135434e+02,7.507098411885256839e-01
6.690057361376673271e+02,7.501989892310378938e-01
6.691892925430211108e+02,7.570930339434107648e-01
6.693728489483747808e+02,7.735449897836498279e-01
6.695564053537284508e+02,7.945793824800690963e-01
6.697399617590822345e+02,8.152207377609936856e-01
6.699235181644360182e+02,8.304935813547158485e-01
6.701070745697896882e+02,8.374473194864906489e-01
6.702906309751433582e+02,8.421917950649435713e-01
6.704741873804971419e+02,8.459951783081459675e-01
6.706577437858509256e+02,8.492477976343036916e-01
6.708413001912045956e+02,8.523399814616237080e-01
6.710248565965582657e+02,8.556622036236987139e-01
6.712084130019120494e+02,8.594437530271678005e-01
6.713919694072658331e+02,8.633848849396483782e-01
6.715755258126195031e+02,8.670808762741111231e-01
6.717590822179731731e+02,8.701270039435315962e-01
6.719426386233269568e+02,8.721185448608833601e-01
6.721261950286807405e+02,8.729569981896230235e-01
6.723097514340344105e+02,8.734309016912913393e-01
6.724933078393880805e+02,8.737522166129135792e-01
6.726768642447418642e+02,8.740787915821655041e-01
6.728604206500956479e+02,8.745684752267229856e-01
6.730439770554493180e+02,8.755373357425779712e-01
6.732275334608029880e+02,8.802694546379483675e-01
6.734110898661567717e+02,8.882775437113832329e-01
6.735946462715105554e+02,8.972416645860913365e-01
6.737782026768643391e+02,9.048418788852827799e-01
6.739617590822180091e+02,9.087582482321672206e-01
6.741453154875716791e+02,9.040942136752252445e-01
6.743288718929254628e+02,8.876358683717689990e-01
6.745124282982792465e+02,8.653710804778836918e-01
6.746959847036329165e+02,8.435279895319216514e-01
6.748795411089865866e+02,8.283347350721993463e-01
6.750630975143403703e+02,8.267602174788989400e-01
6.752466539196941540e+02,8.487705887401958416e-01
6.754302103250478240e+02,8.867638293537311034e-01
6.756137667304014940e+02,9.291598981284505676e-01
6.757973231357552777e+02,9.643787538733114006e-01
6.759808795411090614e+02,9.808403553972058209e-01
6.761644359464627314e+02,9.764813647487432524e-01
6.763479923518164014e+02,9.635173858329659780e-01
6.765315487571701851e+02,9.467004108080921965e-01
6.767151051625239688e+02,9.306831142209543994e-01
6.768986615678776388e+02,9.201181706183825249e-01
6.770822179732313089e+02,9.184772723747915979e-01
6.772657743785850926e+02,9.201631191902521767e-01
6.774493307839388763e+02,9.240888751307356763e-01
6.776328871892925463e+02,9.307507038819904377e-01
6.778164435946462163e+02,9.406447691297711300e-01
6.780000000000000000e+02,9.542672345598404160e-01
