wavelength_nm,x_centroid_px,x_peak_px,displacement_px,filepath
413,384.964301,389,0.000000,scan_blocks_output/B2_0411_0450/00001_0413nm.npy
415,386.057711,389,1.093410,scan_blocks_output/B2_0411_0450/00002_0415nm.npy
417,387.857635,389,2.893334,scan_blocks_output/B2_0411_0450/00003_0417nm.npy
419,392.657080,401,7.692778,scan_blocks_output/B2_0411_0450/00004_0419nm.npy
421,394.281244,402,9.316943,scan_blocks_output/B2_0411_0450/00005_0421nm.npy
423,397.396030,406,12.431729,scan_blocks_output/B2_0411_0450/00006_0423nm.npy
425,398.705227,406,13.740926,scan_blocks_output/B2_0411_0450/00007_0425nm.npy
427,400.861547,406,15.897245,scan_blocks_output/B2_0411_0450/00008_0427nm.npy
429,402.494533,406,17.530232,scan_blocks_output/B2_0411_0450/00009_0429nm.npy
431,407.078095,418,22.113794,scan_blocks_output/B2_0411_0450/00010_0431nm.npy
433,408.603300,418,23.638999,scan_blocks_output/B2_0411_0450/00011_0433nm.npy
435,410.426570,418,25.462269,scan_blocks_output/B2_0411_0450/00012_0435nm.npy
437,411.698073,418,26.733772,scan_blocks_output/B2_0411_0450/00013_0437nm.npy
439,413.377283,418,28.412982,scan_blocks_output/B2_0411_0450/00014_0439nm.npy
441,416.482985,423,31.518684,scan_blocks_output/B2_0411_0450/00015_0441nm.npy
443,417.678252,423,32.713951,scan_blocks_output/B2_0411_0450/00016_0443nm.npy
445,419.515629,423,34.551328,scan_blocks_output/B2_0411_0450/00017_0445nm.npy
447,420.894167,424,35.929865,scan_blocks_output/B2_0411_0450/00018_0447nm.npy
449,422.450638,425,37.486337,scan_blocks_output/B2_0411_0450/00019_0449nm.npy
451,423.627089,425,38.662788,scan_blocks_output/B3_0451_0500/00000_0451nm.npy
453,424.591367,425,39.627066,scan_blocks_output/B3_0451_0500/00001_0453nm.npy
455,425.417255,425,40.452953,scan_blocks_output/B3_0451_0500/00002_0455nm.npy
457,426.233934,425,41.269633,scan_blocks_output/B3_0451_0500/00003_0457nm.npy
459,427.293936,425,42.329634,scan_blocks_output/B3_0451_0500/00004_0459nm.npy
461,427.894832,425,42.930531,scan_blocks_output/B3_0451_0500/00005_0461nm.npy
463,430.871749,435,45.907448,scan_blocks_output/B3_0451_0500/00006_0463nm.npy
465,432.055019,435,47.090718,scan_blocks_output/B3_0451_0500/00007_0465nm.npy
467,433.053310,435,48.089009,scan_blocks_output/B3_0451_0500/00008_0467nm.npy
469,433.894852,435,48.930551,scan_blocks_output/B3_0451_0500/00009_0469nm.npy
471,434.492708,435,49.528407,scan_blocks_output/B3_0451_0500/00010_0471nm.npy
473,435.142363,435,50.178062,scan_blocks_output/B3_0451_0500/00011_0473nm.npy
475,435.658516,435,50.694215,scan_blocks_output/B3_0451_0500/00012_0475nm.npy
477,437.814426,439,52.850125,scan_blocks_output/B3_0451_0500/00013_0477nm.npy
479,438.339822,439,53.375521,scan_blocks_output/B3_0451_0500/00014_0479nm.npy
481,439.646041,441,54.681740,scan_blocks_output/B3_0451_0500/00015_0481nm.npy
483,440.253924,441,55.289622,scan_blocks_output/B3_0451_0500/00016_0483nm.npy
485,440.765077,441,55.800775,scan_blocks_output/B3_0451_0500/00017_0485nm.npy
487,441.352849,441,56.388548,scan_blocks_output/B3_0451_0500/00018_0487nm.npy
489,442.259664,441,57.295363,scan_blocks_output/B3_0451_0500/00019_0489nm.npy
491,443.009472,441,58.045171,scan_blocks_output/B3_0451_0500/00020_0491nm.npy
493,443.819841,441,58.855540,scan_blocks_output/B3_0451_0500/00021_0493nm.npy
495,444.710729,441,59.746428,scan_blocks_output/B3_0451_0500/00022_0495nm.npy
497,445.582510,441,60.618209,scan_blocks_output/B3_0451_0500/00023_0497nm.npy
499,446.752127,441,61.787826,scan_blocks_output/B3_0451_0500/00024_0499nm.npy
501,447.451792,441,62.487491,scan_blocks_output/B4_0501_0700/00000_0501nm.npy
503,448.202706,441,63.238405,scan_blocks_output/B4_0501_0700/00001_0503nm.npy
505,448.067332,441,63.103031,scan_blocks_output/B4_0501_0700/00002_0505nm.npy
507,451.504368,451,66.540067,scan_blocks_output/B4_0501_0700/00003_0507nm.npy
509,451.996849,451,67.032548,scan_blocks_output/B4_0501_0700/00004_0509nm.npy
511,452.965383,451,68.001081,scan_blocks_output/B4_0501_0700/00005_0511nm.npy
513,453.573664,451,68.609363,scan_blocks_output/B4_0501_0700/00006_0513nm.npy
515,454.127442,451,69.163141,scan_blocks_output/B4_0501_0700/00007_0515nm.npy
517,455.032863,451,70.068562,scan_blocks_output/B4_0501_0700/00008_0517nm.npy
519,455.586124,451,70.621823,scan_blocks_output/B4_0501_0700/00009_0519nm.npy
521,456.222585,451,71.258284,scan_blocks_output/B4_0501_0700/00010_0521nm.npy
523,456.529309,451,71.565008,scan_blocks_output/B4_0501_0700/00011_0523nm.npy
525,458.292273,455,73.327972,scan_blocks_output/B4_0501_0700/00012_0525nm.npy
527,458.674479,455,73.710178,scan_blocks_output/B4_0501_0700/00013_0527nm.npy
529,459.311925,455,74.347624,scan_blocks_output/B4_0501_0700/00014_0529nm.npy
531,459.880488,455,74.916187,scan_blocks_output/B4_0501_0700/00015_0531nm.npy
533,460.098546,455,75.134245,scan_blocks_output/B4_0501_0700/00016_0533nm.npy
535,463.961266,463,78.996965,scan_blocks_output/B4_0501_0700/00017_0535nm.npy
537,464.490366,463,79.526065,scan_blocks_output/B4_0501_0700/00018_0537nm.npy
539,467.587476,468,82.623175,scan_blocks_output/B4_0501_0700/00019_0539nm.npy
541,468.036988,468,83.072687,scan_blocks_output/B4_0501_0700/00020_0541nm.npy
543,469.568979,470,84.604678,scan_blocks_output/B4_0501_0700/00021_0543nm.npy
545,470.172116,470,85.207815,scan_blocks_output/B4_0501_0700/00022_0545nm.npy
547,470.586909,470,85.622608,scan_blocks_output/B4_0501_0700/00023_0547nm.npy
549,471.049293,470,86.084992,scan_blocks_output/B4_0501_0700/00024_0549nm.npy
551,471.536954,470,86.572653,scan_blocks_output/B4_0501_0700/00025_0551nm.npy
553,472.108846,470,87.144545,scan_blocks_output/B4_0501_0700/00026_0553nm.npy
555,472.447815,470,87.483514,scan_blocks_output/B4_0501_0700/00027_0555nm.npy
557,475.364063,475,90.399762,scan_blocks_output/B4_0501_0700/00028_0557nm.npy
559,476.389427,476,91.425126,scan_blocks_output/B4_0501_0700/00029_0559nm.npy
561,476.742652,476,91.778351,scan_blocks_output/B4_0501_0700/00030_0561nm.npy
563,477.136655,476,92.172354,scan_blocks_output/B4_0501_0700/00031_0563nm.npy
565,477.463899,476,92.499598,scan_blocks_output/B4_0501_0700/00032_0565nm.npy
567,477.943632,476,92.979331,scan_blocks_output/B4_0501_0700/00033_0567nm.npy
569,478.363174,476,93.398873,scan_blocks_output/B4_0501_0700/00034_0569nm.npy
571,478.680838,476,93.716537,scan_blocks_output/B4_0501_0700/00035_0571nm.npy
573,478.938054,476,93.973753,scan_blocks_output/B4_0501_0700/00036_0573nm.npy
575,479.273976,476,94.309675,scan_blocks_output/B4_0501_0700/00037_0575nm.npy
577,479.694466,476,94.730164,scan_blocks_output/B4_0501_0700/00038_0577nm.npy
579,479.940775,476,94.976474,scan_blocks_output/B4_0501_0700/00039_0579nm.npy
581,480.162758,476,95.198457,scan_blocks_output/B4_0501_0700/00040_0581nm.npy
583,483.316172,481,98.351870,scan_blocks_output/B4_0501_0700/00041_0583nm.npy
585,483.557056,481,98.592755,scan_blocks_output/B4_0501_0700/00042_0585nm.npy
587,483.873579,481,98.909278,scan_blocks_output/B4_0501_0700/00043_0587nm.npy
589,484.264327,481,99.300026,scan_blocks_output/B4_0501_0700/00044_0589nm.npy
591,484.439197,481,99.474895,scan_blocks_output/B4_0501_0700/00045_0591nm.npy
593,484.723596,481,99.759295,scan_blocks_output/B4_0501_0700/00046_0593nm.npy
595,484.971971,481,100.007670,scan_blocks_output/B4_0501_0700/00047_0595nm.npy
597,485.197439,481,100.233137,scan_blocks_output/B4_0501_0700/00048_0597nm.npy
599,485.367236,481,100.402935,scan_blocks_output/B4_0501_0700/00049_0599nm.npy
601,495.393041,496,110.428740,scan_blocks_output/B4_0501_0700/00050_0601nm.npy
603,495.570698,496,110.606397,scan_blocks_output/B4_0501_0700/00051_0603nm.npy
605,495.909602,496,110.945301,scan_blocks_output/B4_0501_0700/00052_0605nm.npy
607,496.161192,496,111.196891,scan_blocks_output/B4_0501_0700/00053_0607nm.npy
609,496.472996,496,111.508695,scan_blocks_output/B4_0501_0700/00054_0609nm.npy
611,496.677728,496,111.713426,scan_blocks_output/B4_0501_0700/00055_0611nm.npy
613,496.950378,496,111.986077,scan_blocks_output/B4_0501_0700/00056_0613nm.npy
615,497.210978,496,112.246677,scan_blocks_output/B4_0501_0700/00057_0615nm.npy
617,497.377327,496,112.413026,scan_blocks_output/B4_0501_0700/00058_0617nm.npy
619,497.674287,496,112.709986,scan_blocks_output/B4_0501_0700/00059_0619nm.npy
621,497.891460,496,112.927159,scan_blocks_output/B4_0501_0700/00060_0621nm.npy
623,498.173123,496,113.208822,scan_blocks_output/B4_0501_0700/00061_0623nm.npy
625,498.313083,496,113.348782,scan_blocks_output/B4_0501_0700/00062_0625nm.npy
627,498.514788,496,113.550486,scan_blocks_output/B4_0501_0700/00063_0627nm.npy
629,498.790873,496,113.826572,scan_blocks_output/B4_0501_0700/00064_0629nm.npy
631,498.904645,496,113.940344,scan_blocks_output/B4_0501_0700/00065_0631nm.npy
633,499.215174,496,114.250873,scan_blocks_output/B4_0501_0700/00066_0633nm.npy
635,499.320453,496,114.356152,scan_blocks_output/B4_0501_0700/00067_0635nm.npy
637,499.429904,496,114.465603,scan_blocks_output/B4_0501_0700/00068_0637nm.npy
639,499.741478,496,114.777177,scan_blocks_output/B4_0501_0700/00069_0639nm.npy
641,499.702785,496,114.738483,scan_blocks_output/B4_0501_0700/00070_0641nm.npy
643,499.926146,496,114.961844,scan_blocks_output/B4_0501_0700/00071_0643nm.npy
645,500.055359,496,115.091058,scan_blocks_output/B4_0501_0700/00072_0645nm.npy
647,500.271991,496,115.307690,scan_blocks_output/B4_0501_0700/00073_0647nm.npy
649,500.457086,496,115.492785,scan_blocks_output/B4_0501_0700/00074_0649nm.npy
651,500.784711,496,115.820409,scan_blocks_output/B4_0501_0700/00075_0651nm.npy
653,500.713390,496,115.749089,scan_blocks_output/B4_0501_0700/00076_0653nm.npy
655,500.861404,496,115.897103,scan_blocks_output/B4_0501_0700/00077_0655nm.npy
657,501.012036,496,116.047735,scan_blocks_output/B4_0501_0700/00078_0657nm.npy
659,501.208694,496,116.244393,scan_blocks_output/B4_0501_0700/00079_0659nm.npy
661,501.430231,496,116.465930,scan_blocks_output/B4_0501_0700/00080_0661nm.npy
663,501.360459,496,116.396158,scan_blocks_output/B4_0501_0700/00081_0663nm.npy
665,501.490162,496,116.525861,scan_blocks_output/B4_0501_0700/00082_0665nm.npy
667,501.709516,496,116.745215,scan_blocks_output/B4_0501_0700/00083_0667nm.npy
669,501.857185,496,116.892884,scan_blocks_output/B4_0501_0700/00084_0669nm.npy
671,504.494565,500,119.530264,scan_blocks_output/B4_0501_0700/00085_0671nm.npy
673,501.863182,496,116.898881,scan_blocks_output/B4_0501_0700/00086_0673nm.npy
675,504.638360,500,119.674058,scan_blocks_output/B4_0501_0700/00087_0675nm.npy
677,503.915315,499,118.951013,scan_blocks_output/B4_0501_0700/00088_0677nm.npy
679,504.648783,500,119.684482,scan_blocks_output/B4_0501_0700/00089_0679nm.npy
681,504.818485,500,119.854184,scan_blocks_output/B4_0501_0700/00090_0681nm.npy
683,504.221055,499,119.256754,scan_blocks_output/B4_0501_0700/00091_0683nm.npy
685,504.297164,499,119.332863,scan_blocks_output/B4_0501_0700/00092_0685nm.npy
687,504.336618,499,119.372316,scan_blocks_output/B4_0501_0700/00093_0687nm.npy
689,505.123443,500,120.159142,scan_blocks_output/B4_0501_0700/00094_0689nm.npy
691,504.606412,499,119.642111,scan_blocks_output/B4_0501_0700/00095_0691nm.npy
693,505.125131,500,120.160830,scan_blocks_output/B4_0501_0700/00096_0693nm.npy
695,504.553621,499,119.589320,scan_blocks_output/B4_0501_0700/00097_0695nm.npy
697,504.627046,499,119.662745,scan_blocks_output/B4_0501_0700/00098_0697nm.npy
699,504.709887,499,119.745586,scan_blocks_output/B4_0501_0700/00099_0699nm.npy
701,511.763116,510,126.798815,scan_blocks_output/B5_0701_1000/00000_0701nm.npy
703,517.437910,518,132.473609,scan_blocks_output/B5_0701_1000/00001_0703nm.npy
705,496.872494,496,111.908192,scan_blocks_output/B5_0701_1000/00002_0705nm.npy
707,519.515217,518,134.550915,scan_blocks_output/B5_0701_1000/00003_0707nm.npy
709,519.522154,518,134.557853,scan_blocks_output/B5_0701_1000/00004_0709nm.npy
711,519.694718,518,134.730417,scan_blocks_output/B5_0701_1000/00005_0711nm.npy
713,519.928293,518,134.963992,scan_blocks_output/B5_0701_1000/00006_0713nm.npy
715,519.872993,518,134.908692,scan_blocks_output/B5_0701_1000/00007_0715nm.npy
717,520.060818,518,135.096517,scan_blocks_output/B5_0701_1000/00008_0717nm.npy
719,520.145957,518,135.181656,scan_blocks_output/B5_0701_1000/00009_0719nm.npy
721,520.243908,518,135.279606,scan_blocks_output/B5_0701_1000/00010_0721nm.npy
723,520.511148,518,135.546847,scan_blocks_output/B5_0701_1000/00011_0723nm.npy
725,542.578567,550,157.614266,scan_blocks_output/B5_0701_1000/00012_0725nm.npy
727,542.707632,550,157.743331,scan_blocks_output/B5_0701_1000/00013_0727nm.npy
729,542.798342,550,157.834041,scan_blocks_output/B5_0701_1000/00014_0729nm.npy
731,542.900778,550,157.936477,scan_blocks_output/B5_0701_1000/00015_0731nm.npy
733,543.086702,550,158.122401,scan_blocks_output/B5_0701_1000/00016_0733nm.npy
735,543.144155,550,158.179854,scan_blocks_output/B5_0701_1000/00017_0735nm.npy
737,543.175717,550,158.211415,scan_blocks_output/B5_0701_1000/00018_0737nm.npy
739,543.335521,550,158.371220,scan_blocks_output/B5_0701_1000/00019_0739nm.npy
741,543.430717,550,158.466416,scan_blocks_output/B5_0701_1000/00020_0741nm.npy
743,543.514473,550,158.550171,scan_blocks_output/B5_0701_1000/00021_0743nm.npy
745,543.662768,550,158.698467,scan_blocks_output/B5_0701_1000/00022_0745nm.npy
747,543.689851,550,158.725550,scan_blocks_output/B5_0701_1000/00023_0747nm.npy
749,543.715095,550,158.750794,scan_blocks_output/B5_0701_1000/00024_0749nm.npy
751,543.664994,550,158.700692,scan_blocks_output/B5_0701_1000/00025_0751nm.npy
753,543.861691,550,158.897390,scan_blocks_output/B5_0701_1000/00026_0753nm.npy
755,543.962082,550,158.997781,scan_blocks_output/B5_0701_1000/00027_0755nm.npy
757,544.073766,550,159.109465,scan_blocks_output/B5_0701_1000/00028_0757nm.npy
759,544.232210,550,159.267909,scan_blocks_output/B5_0701_1000/00029_0759nm.npy
761,544.292720,550,159.328419,scan_blocks_output/B5_0701_1000/00030_0761nm.npy
763,544.486635,550,159.522334,scan_blocks_output/B5_0701_1000/00031_0763nm.npy
765,544.539759,550,159.575458,scan_blocks_output/B5_0701_1000/00032_0765nm.npy
767,544.642168,550,159.677866,scan_blocks_output/B5_0701_1000/00033_0767nm.npy
769,544.752880,550,159.788579,scan_blocks_output/B5_0701_1000/00034_0769nm.npy
771,544.870537,550,159.906236,scan_blocks_output/B5_0701_1000/00035_0771nm.npy
773,545.105121,550,160.140820,scan_blocks_output/B5_0701_1000/00036_0773nm.npy
775,545.206111,550,160.241810,scan_blocks_output/B5_0701_1000/00037_0775nm.npy
777,545.542257,550,160.577955,scan_blocks_output/B5_0701_1000/00038_0777nm.npy
779,545.770832,550,160.806531,scan_blocks_output/B5_0701_1000/00039_0779nm.npy
781,545.957674,550,160.993372,scan_blocks_output/B5_0701_1000/00040_0781nm.npy
783,546.154516,550,161.190215,scan_blocks_output/B5_0701_1000/00041_0783nm.npy
785,546.403379,550,161.439077,scan_blocks_output/B5_0701_1000/00042_0785nm.npy
787,546.485713,550,161.521412,scan_blocks_output/B5_0701_1000/00043_0787nm.npy
789,546.668734,550,161.704433,scan_blocks_output/B5_0701_1000/00044_0789nm.npy
791,546.700038,550,161.735737,scan_blocks_output/B5_0701_1000/00045_0791nm.npy
793,546.891766,550,161.927465,scan_blocks_output/B5_0701_1000/00046_0793nm.npy
795,546.876220,550,161.911919,scan_blocks_output/B5_0701_1000/00047_0795nm.npy
797,546.982843,550,162.018542,scan_blocks_output/B5_0701_1000/00048_0797nm.npy
799,547.083469,550,162.119168,scan_blocks_output/B5_0701_1000/00049_0799nm.npy
801,546.980703,550,162.016402,scan_blocks_output/B5_0701_1000/00050_0801nm.npy
803,547.117285,550,162.152984,scan_blocks_output/B5_0701_1000/00051_0803nm.npy
805,547.140251,550,162.175950,scan_blocks_output/B5_0701_1000/00052_0805nm.npy
807,547.319216,550,162.354914,scan_blocks_output/B5_0701_1000/00053_0807nm.npy
809,547.222103,550,162.257802,scan_blocks_output/B5_0701_1000/00054_0809nm.npy
811,547.211945,550,162.247644,scan_blocks_output/B5_0701_1000/00055_0811nm.npy
813,547.307158,550,162.342857,scan_blocks_output/B5_0701_1000/00056_0813nm.npy
815,547.445759,550,162.481458,scan_blocks_output/B5_0701_1000/00057_0815nm.npy
817,547.477078,550,162.512777,scan_blocks_output/B5_0701_1000/00058_0817nm.npy
819,547.648647,550,162.684345,scan_blocks_output/B5_0701_1000/00059_0819nm.npy
821,547.749067,550,162.784766,scan_blocks_output/B5_0701_1000/00060_0821nm.npy
823,547.830762,550,162.866461,scan_blocks_output/B5_0701_1000/00061_0823nm.npy
825,547.989471,550,163.025169,scan_blocks_output/B5_0701_1000/00062_0825nm.npy
827,548.206837,550,163.242536,scan_blocks_output/B5_0701_1000/00063_0827nm.npy
829,548.446315,550,163.482013,scan_blocks_output/B5_0701_1000/00064_0829nm.npy
831,574.981345,582,190.017044,scan_blocks_output/B5_0701_1000/00065_0831nm.npy
833,575.040473,582,190.076172,scan_blocks_output/B5_0701_1000/00066_0833nm.npy
835,575.211759,582,190.247458,scan_blocks_output/B5_0701_1000/00067_0835nm.npy
837,575.442036,582,190.477735,scan_blocks_output/B5_0701_1000/00068_0837nm.npy
839,578.308390,585,193.344089,scan_blocks_output/B5_0701_1000/00069_0839nm.npy
841,578.608068,585,193.643767,scan_blocks_output/B5_0701_1000/00070_0841nm.npy
843,579.049996,585,194.085694,scan_blocks_output/B5_0701_1000/00071_0843nm.npy
845,579.118417,585,194.154116,scan_blocks_output/B5_0701_1000/00072_0845nm.npy
847,581.036063,587,196.071762,scan_blocks_output/B5_0701_1000/00073_0847nm.npy
849,582.240041,588,197.275739,scan_blocks_output/B5_0701_1000/00074_0849nm.npy
851,582.531484,588,197.567182,scan_blocks_output/B5_0701_1000/00075_0851nm.npy
853,583.616737,589,198.652436,scan_blocks_output/B5_0701_1000/00076_0853nm.npy
855,583.829199,589,198.864898,scan_blocks_output/B5_0701_1000/00077_0855nm.npy
857,585.593980,591,200.629679,scan_blocks_output/B5_0701_1000/00078_0857nm.npy
859,586.724296,592,201.759995,scan_blocks_output/B5_0701_1000/00079_0859nm.npy
861,587.003889,592,202.039587,scan_blocks_output/B5_0701_1000/00080_0861nm.npy
863,587.198260,592,202.233959,scan_blocks_output/B5_0701_1000/00081_0863nm.npy
865,587.512462,592,202.548161,scan_blocks_output/B5_0701_1000/00082_0865nm.npy
867,587.850313,592,202.886012,scan_blocks_output/B5_0701_1000/00083_0867nm.npy
869,587.967960,592,203.003659,scan_blocks_output/B5_0701_1000/00084_0869nm.npy
871,590.475311,595,205.511009,scan_blocks_output/B5_0701_1000/00085_0871nm.npy
873,590.667059,595,205.702758,scan_blocks_output/B5_0701_1000/00086_0873nm.npy
875,590.921162,595,205.956860,scan_blocks_output/B5_0701_1000/00087_0875nm.npy
877,591.191504,595,206.227202,scan_blocks_output/B5_0701_1000/00088_0877nm.npy
879,591.375015,595,206.410714,scan_blocks_output/B5_0701_1000/00089_0879nm.npy
881,591.553938,595,206.589637,scan_blocks_output/B5_0701_1000/00090_0881nm.npy
883,591.758664,595,206.794362,scan_blocks_output/B5_0701_1000/00091_0883nm.npy
885,591.946098,595,206.981797,scan_blocks_output/B5_0701_1000/00092_0885nm.npy
887,592.136885,595,207.172584,scan_blocks_output/B5_0701_1000/00093_0887nm.npy
889,592.263775,595,207.299473,scan_blocks_output/B5_0701_1000/00094_0889nm.npy
891,592.541789,595,207.577488,scan_blocks_output/B5_0701_1000/00095_0891nm.npy
893,592.754414,595,207.790113,scan_blocks_output/B5_0701_1000/00096_0893nm.npy
895,592.978837,595,208.014536,scan_blocks_output/B5_0701_1000/00097_0895nm.npy
897,593.854127,596,208.889826,scan_blocks_output/B5_0701_1000/00098_0897nm.npy
899,594.110635,596,209.146334,scan_blocks_output/B5_0701_1000/00099_0899nm.npy
901,594.391128,596,209.426827,scan_blocks_output/B5_0701_1000/00100_0901nm.npy
903,594.674398,596,209.710097,scan_blocks_output/B5_0701_1000/00101_0903nm.npy
905,594.828741,596,209.864440,scan_blocks_output/B5_0701_1000/00102_0905nm.npy
907,596.909849,599,211.945548,scan_blocks_output/B5_0701_1000/00103_0907nm.npy
909,597.675808,600,212.711507,scan_blocks_output/B5_0701_1000/00104_0909nm.npy
911,597.898704,600,212.934402,scan_blocks_output/B5_0701_1000/00105_0911nm.npy
913,597.490529,600,212.526228,scan_blocks_output/B5_0701_1000/00106_0913nm.npy
915,597.620406,600,212.656105,scan_blocks_output/B5_0701_1000/00107_0915nm.npy
917,597.501038,600,212.536737,scan_blocks_output/B5_0701_1000/00108_0917nm.npy
919,597.273396,600,212.309095,scan_blocks_output/B5_0701_1000/00109_0919nm.npy
921,597.553809,600,212.589508,scan_blocks_output/B5_0701_1000/00110_0921nm.npy
923,596.462484,600,211.498183,scan_blocks_output/B5_0701_1000/00111_0923nm.npy
925,596.106372,600,211.142071,scan_blocks_output/B5_0701_1000/00112_0925nm.npy
927,596.046483,601,211.082182,scan_blocks_output/B5_0701_1000/00113_0927nm.npy
929,596.412249,605,211.447948,scan_blocks_output/B5_0701_1000/00114_0929nm.npy
931,597.303999,606,212.339698,scan_blocks_output/B5_0701_1000/00115_0931nm.npy
933,598.050574,605,213.086273,scan_blocks_output/B5_0701_1000/00116_0933nm.npy
935,599.887255,608,214.922954,scan_blocks_output/B5_0701_1000/00117_0935nm.npy
937,602.574486,608,217.610185,scan_blocks_output/B5_0701_1000/00118_0937nm.npy
939,603.717614,608,218.753312,scan_blocks_output/B5_0701_1000/00119_0939nm.npy
941,604.200961,608,219.236660,scan_blocks_output/B5_0701_1000/00120_0941nm.npy
943,605.768878,608,220.804577,scan_blocks_output/B5_0701_1000/00121_0943nm.npy
945,606.293420,608,221.329119,scan_blocks_output/B5_0701_1000/00122_0945nm.npy
947,606.579183,608,221.614882,scan_blocks_output/B5_0701_1000/00123_0947nm.npy
949,606.928214,608,221.963912,scan_blocks_output/B5_0701_1000/00124_0949nm.npy
951,607.096250,608,222.131949,scan_blocks_output/B5_0701_1000/00125_0951nm.npy
953,607.391346,608,222.427044,scan_blocks_output/B5_0701_1000/00126_0953nm.npy
955,607.503277,608,222.538976,scan_blocks_output/B5_0701_1000/00127_0955nm.npy
957,607.613967,608,222.649666,scan_blocks_output/B5_0701_1000/00128_0957nm.npy
959,607.852751,608,222.888450,scan_blocks_output/B5_0701_1000/00129_0959nm.npy
961,607.959865,608,222.995564,scan_blocks_output/B5_0701_1000/00130_0961nm.npy
963,608.074598,608,223.110296,scan_blocks_output/B5_0701_1000/00131_0963nm.npy
965,608.317804,608,223.353502,scan_blocks_output/B5_0701_1000/00132_0965nm.npy
967,608.411990,608,223.447689,scan_blocks_output/B5_0701_1000/00133_0967nm.npy
969,608.512593,608,223.548292,scan_blocks_output/B5_0701_1000/00134_0969nm.npy
971,608.749636,608,223.785335,scan_blocks_output/B5_0701_1000/00135_0971nm.npy
973,608.869910,608,223.905609,scan_blocks_output/B5_0701_1000/00136_0973nm.npy
975,609.012736,609,224.048435,scan_blocks_output/B5_0701_1000/00137_0975nm.npy
977,609.257000,609,224.292699,scan_blocks_output/B5_0701_1000/00138_0977nm.npy
979,609.359335,609,224.395034,scan_blocks_output/B5_0701_1000/00139_0979nm.npy
981,609.471845,610,224.507544,scan_blocks_output/B5_0701_1000/00140_0981nm.npy
983,609.584174,610,224.619873,scan_blocks_output/B5_0701_1000/00141_0983nm.npy
985,609.860413,610,224.896112,scan_blocks_output/B5_0701_1000/00142_0985nm.npy
987,609.978146,610,225.013845,scan_blocks_output/B5_0701_1000/00143_0987nm.npy
989,610.223597,610,225.259296,scan_blocks_output/B5_0701_1000/00144_0989nm.npy
991,610.338138,611,225.373837,scan_blocks_output/B5_0701_1000/00145_0991nm.npy
993,610.476529,611,225.512227,scan_blocks_output/B5_0701_1000/00146_0993nm.npy
995,610.606468,611,225.642167,scan_blocks_output/B5_0701_1000/00147_0995nm.npy
997,610.723230,611,225.758928,scan_blocks_output/B5_0701_1000/00148_0997nm.npy
999,610.984959,611,226.020658,scan_blocks_output/B5_0701_1000/00149_0999nm.npy
1001,611.232997,611,226.268696,scan_blocks_output/B6_1001_1300/00000_1001nm.npy
1003,611.381169,611,226.416867,scan_blocks_output/B6_1001_1300/00001_1003nm.npy
1005,611.232281,611,226.267979,scan_blocks_output/B6_1001_1300/00002_1005nm.npy
1007,611.366266,611,226.401965,scan_blocks_output/B6_1001_1300/00003_1007nm.npy
1009,611.604799,611,226.640498,scan_blocks_output/B6_1001_1300/00004_1009nm.npy
1011,611.847777,611,226.883476,scan_blocks_output/B6_1001_1300/00005_1011nm.npy
1013,611.967773,612,227.003472,scan_blocks_output/B6_1001_1300/00006_1013nm.npy
1015,612.073096,612,227.108795,scan_blocks_output/B6_1001_1300/00007_1015nm.npy
1017,612.336295,612,227.371994,scan_blocks_output/B6_1001_1300/00008_1017nm.npy
1019,612.430577,612,227.466276,scan_blocks_output/B6_1001_1300/00009_1019nm.npy
1021,612.535902,612,227.571601,scan_blocks_output/B6_1001_1300/00010_1021nm.npy
1023,612.627307,612,227.663006,scan_blocks_output/B6_1001_1300/00011_1023nm.npy
1025,612.922394,613,227.958093,scan_blocks_output/B6_1001_1300/00012_1025nm.npy
1027,613.153037,613,228.188736,scan_blocks_output/B6_1001_1300/00013_1027nm.npy
1029,613.175846,613,228.211544,scan_blocks_output/B6_1001_1300/00014_1029nm.npy
1031,613.512159,613,228.547858,scan_blocks_output/B6_1001_1300/00015_1031nm.npy
1033,613.669335,613,228.705034,scan_blocks_output/B6_1001_1300/00016_1033nm.npy
1035,613.997601,613,229.033300,scan_blocks_output/B6_1001_1300/00017_1035nm.npy
1037,614.170175,614,229.205874,scan_blocks_output/B6_1001_1300/00018_1037nm.npy
1039,614.415353,614,229.451052,scan_blocks_output/B6_1001_1300/00019_1039nm.npy
1041,614.525572,614,229.561271,scan_blocks_output/B6_1001_1300/00020_1041nm.npy
1043,614.629604,615,229.665302,scan_blocks_output/B6_1001_1300/00021_1043nm.npy
1045,614.867970,615,229.903669,scan_blocks_output/B6_1001_1300/00022_1045nm.npy
1047,614.966563,615,230.002262,scan_blocks_output/B6_1001_1300/00023_1047nm.npy
1049,615.069060,615,230.104759,scan_blocks_output/B6_1001_1300/00024_1049nm.npy
1051,615.173341,616,230.209040,scan_blocks_output/B6_1001_1300/00025_1051nm.npy
1053,615.271873,616,230.307572,scan_blocks_output/B6_1001_1300/00026_1053nm.npy
1055,615.494826,616,230.530524,scan_blocks_output/B6_1001_1300/00027_1055nm.npy
1057,615.602797,616,230.638496,scan_blocks_output/B6_1001_1300/00028_1057nm.npy
1059,615.727061,616,230.762760,scan_blocks_output/B6_1001_1300/00029_1059nm.npy
1061,615.976791,616,231.012490,scan_blocks_output/B6_1001_1300/00030_1061nm.npy
1063,616.060971,616,231.096670,scan_blocks_output/B6_1001_1300/00031_1063nm.npy
1065,616.111937,616,231.147636,scan_blocks_output/B6_1001_1300/00032_1065nm.npy
1067,616.377298,616,231.412997,scan_blocks_output/B6_1001_1300/00033_1067nm.npy
1069,616.490702,616,231.526400,scan_blocks_output/B6_1001_1300/00034_1069nm.npy
1071,616.582793,616,231.618492,scan_blocks_output/B6_1001_1300/00035_1071nm.npy
1073,616.681199,616,231.716898,scan_blocks_output/B6_1001_1300/00036_1073nm.npy
1075,616.906389,616,231.942087,scan_blocks_output/B6_1001_1300/00037_1075nm.npy
1077,617.009541,616,232.045240,scan_blocks_output/B6_1001_1300/00038_1077nm.npy
1079,617.091132,616,232.126831,scan_blocks_output/B6_1001_1300/00039_1079nm.npy
1081,617.203250,616,232.238949,scan_blocks_output/B6_1001_1300/00040_1081nm.npy
1083,617.427062,616,232.462761,scan_blocks_output/B6_1001_1300/00041_1083nm.npy
1085,617.519653,617,232.555352,scan_blocks_output/B6_1001_1300/00042_1085nm.npy
1087,617.753699,618,232.789398,scan_blocks_output/B6_1001_1300/00043_1087nm.npy
1089,617.840051,618,232.875750,scan_blocks_output/B6_1001_1300/00044_1089nm.npy
1091,617.942262,618,232.977961,scan_blocks_output/B6_1001_1300/00045_1091nm.npy
1093,618.047904,618,233.083603,scan_blocks_output/B6_1001_1300/00046_1093nm.npy
1095,618.125655,618,233.161354,scan_blocks_output/B6_1001_1300/00047_1095nm.npy
1097,618.215838,618,233.251537,scan_blocks_output/B6_1001_1300/00048_1097nm.npy
1099,618.424160,618,233.459859,scan_blocks_output/B6_1001_1300/00049_1099nm.npy
1101,618.497021,618,233.532720,scan_blocks_output/B6_1001_1300/00050_1101nm.npy
1103,618.766399,618,233.802098,scan_blocks_output/B6_1001_1300/00051_1103nm.npy
1105,618.853857,619,233.889556,scan_blocks_output/B6_1001_1300/00052_1105nm.npy
1107,618.952927,619,233.988626,scan_blocks_output/B6_1001_1300/00053_1107nm.npy
1109,619.040357,619,234.076056,scan_blocks_output/B6_1001_1300/00054_1109nm.npy
1111,619.134484,619,234.170182,scan_blocks_output/B6_1001_1300/00055_1111nm.npy
1113,619.374636,619,234.410335,scan_blocks_output/B6_1001_1300/00056_1113nm.npy
1115,619.487304,619,234.523003,scan_blocks_output/B6_1001_1300/00057_1115nm.npy
1117,619.578027,619,234.613725,scan_blocks_output/B6_1001_1300/00058_1117nm.npy
1119,619.672958,619,234.708656,scan_blocks_output/B6_1001_1300/00059_1119nm.npy
1121,619.781170,620,234.816869,scan_blocks_output/B6_1001_1300/00060_1121nm.npy
1123,620.008332,620,235.044031,scan_blocks_output/B6_1001_1300/00061_1123nm.npy
1125,620.227234,620,235.262933,scan_blocks_output/B6_1001_1300/00062_1125nm.npy
1127,620.342297,620,235.377996,scan_blocks_output/B6_1001_1300/00063_1127nm.npy
1129,620.434779,620,235.470478,scan_blocks_output/B6_1001_1300/00064_1129nm.npy
1131,620.524023,620,235.559722,scan_blocks_output/B6_1001_1300/00065_1131nm.npy
1133,620.735575,620,235.771274,scan_blocks_output/B6_1001_1300/00066_1133nm.npy
1135,620.822728,621,235.858427,scan_blocks_output/B6_1001_1300/00067_1135nm.npy
1137,620.915544,621,235.951243,scan_blocks_output/B6_1001_1300/00068_1137nm.npy
1139,621.008142,621,236.043841,scan_blocks_output/B6_1001_1300/00069_1139nm.npy
1141,621.099013,621,236.134712,scan_blocks_output/B6_1001_1300/00070_1141nm.npy
1143,621.190597,621,236.226296,scan_blocks_output/B6_1001_1300/00071_1143nm.npy
1145,621.407927,621,236.443626,scan_blocks_output/B6_1001_1300/00072_1145nm.npy
1147,621.486070,621,236.521769,scan_blocks_output/B6_1001_1300/00073_1147nm.npy
1149,621.571474,621,236.607173,scan_blocks_output/B6_1001_1300/00074_1149nm.npy
1151,621.647567,622,236.683266,scan_blocks_output/B6_1001_1300/00075_1151nm.npy
1153,621.739360,622,236.775059,scan_blocks_output/B6_1001_1300/00076_1153nm.npy
1155,621.948406,622,236.984104,scan_blocks_output/B6_1001_1300/00077_1155nm.npy
1157,622.032182,622,237.067881,scan_blocks_output/B6_1001_1300/00078_1157nm.npy
1159,622.256622,622,237.292321,scan_blocks_output/B6_1001_1300/00079_1159nm.npy
1161,622.336716,622,237.372415,scan_blocks_output/B6_1001_1300/00080_1161nm.npy
1163,622.436858,622,237.472556,scan_blocks_output/B6_1001_1300/00081_1163nm.npy
1165,622.502863,622,237.538562,scan_blocks_output/B6_1001_1300/00082_1165nm.npy
1167,622.592485,622,237.628184,scan_blocks_output/B6_1001_1300/00083_1167nm.npy
1169,622.676533,622,237.712232,scan_blocks_output/B6_1001_1300/00084_1169nm.npy
1171,622.752712,622,237.788410,scan_blocks_output/B6_1001_1300/00085_1171nm.npy
1173,622.977802,622,238.013501,scan_blocks_output/B6_1001_1300/00086_1173nm.npy
1175,623.195318,623,238.231017,scan_blocks_output/B6_1001_1300/00087_1175nm.npy
1177,623.286384,623,238.322083,scan_blocks_output/B6_1001_1300/00088_1177nm.npy
1179,623.373252,623,238.408951,scan_blocks_output/B6_1001_1300/00089_1179nm.npy
1181,623.456194,623,238.491892,scan_blocks_output/B6_1001_1300/00090_1181nm.npy
1183,623.529227,623,238.564926,scan_blocks_output/B6_1001_1300/00091_1183nm.npy
1185,623.609394,623,238.645093,scan_blocks_output/B6_1001_1300/00092_1185nm.npy
1187,623.696643,623,238.732342,scan_blocks_output/B6_1001_1300/00093_1187nm.npy
1189,623.921792,623,238.957491,scan_blocks_output/B6_1001_1300/00094_1189nm.npy
1191,623.997362,624,239.033061,scan_blocks_output/B6_1001_1300/00095_1191nm.npy
1193,624.088080,624,239.123779,scan_blocks_output/B6_1001_1300/00096_1193nm.npy
1195,624.302251,624,239.337950,scan_blocks_output/B6_1001_1300/00097_1195nm.npy
1197,624.378996,624,239.414695,scan_blocks_output/B6_1001_1300/00098_1197nm.npy
1199,624.449462,624,239.485161,scan_blocks_output/B6_1001_1300/00099_1199nm.npy
1201,624.525955,624,239.561654,scan_blocks_output/B6_1001_1300/00100_1201nm.npy
1203,624.743707,624,239.779406,scan_blocks_output/B6_1001_1300/00101_1203nm.npy
1205,624.838513,624,239.874212,scan_blocks_output/B6_1001_1300/00102_1205nm.npy
1207,624.942976,624,239.978675,scan_blocks_output/B6_1001_1300/00103_1207nm.npy
1209,625.015704,624,240.051403,scan_blocks_output/B6_1001_1300/00104_1209nm.npy
1211,625.088031,624,240.123730,scan_blocks_output/B6_1001_1300/00105_1211nm.npy
1213,625.174917,625,240.210616,scan_blocks_output/B6_1001_1300/00106_1213nm.npy
1215,625.272915,625,240.308614,scan_blocks_output/B6_1001_1300/00107_1215nm.npy
1217,625.481066,625,240.516765,scan_blocks_output/B6_1001_1300/00108_1217nm.npy
1219,625.563598,625,240.599297,scan_blocks_output/B6_1001_1300/00109_1219nm.npy
1221,625.661258,625,240.696957,scan_blocks_output/B6_1001_1300/00110_1221nm.npy
1223,625.726269,626,240.761968,scan_blocks_output/B6_1001_1300/00111_1223nm.npy
1225,625.924184,626,240.959883,scan_blocks_output/B6_1001_1300/00112_1225nm.npy
1227,626.001717,626,241.037416,scan_blocks_output/B6_1001_1300/00113_1227nm.npy
1229,626.076568,626,241.112267,scan_blocks_output/B6_1001_1300/00114_1229nm.npy
1231,626.286007,626,241.321706,scan_blocks_output/B6_1001_1300/00115_1231nm.npy
1233,626.366724,626,241.402423,scan_blocks_output/B6_1001_1300/00116_1233nm.npy
1235,626.435408,626,241.471107,scan_blocks_output/B6_1001_1300/00117_1235nm.npy
1237,626.494604,626,241.530303,scan_blocks_output/B6_1001_1300/00118_1237nm.npy
1239,626.573748,626,241.609447,scan_blocks_output/B6_1001_1300/00119_1239nm.npy
1241,626.667976,626,241.703674,scan_blocks_output/B6_1001_1300/00120_1241nm.npy
1243,626.737213,626,241.772912,scan_blocks_output/B6_1001_1300/00121_1243nm.npy
1245,626.795948,626,241.831647,scan_blocks_output/B6_1001_1300/00122_1245nm.npy
1247,626.883546,626,241.919245,scan_blocks_output/B6_1001_1300/00123_1247nm.npy
1249,627.095309,627,242.131007,scan_blocks_output/B6_1001_1300/00124_1249nm.npy
1251,627.170736,627,242.206435,scan_blocks_output/B6_1001_1300/00125_1251nm.npy
1253,627.386366,627,242.422065,scan_blocks_output/B6_1001_1300/00126_1253nm.npy
1255,627.462105,627,242.497804,scan_blocks_output/B6_1001_1300/00127_1255nm.npy
1257,627.528529,627,242.564228,scan_blocks_output/B6_1001_1300/00128_1257nm.npy
1259,627.600541,627,242.636240,scan_blocks_output/B6_1001_1300/00129_1259nm.npy
1261,627.669832,627,242.705531,scan_blocks_output/B6_1001_1300/00130_1261nm.npy
1263,627.743322,627,242.779020,scan_blocks_output/B6_1001_1300/00131_1263nm.npy
1265,627.950470,627,242.986169,scan_blocks_output/B6_1001_1300/00132_1265nm.npy
1267,628.022911,628,243.058610,scan_blocks_output/B6_1001_1300/00133_1267nm.npy
1269,628.108142,628,243.143841,scan_blocks_output/B6_1001_1300/00134_1269nm.npy
1271,628.175913,628,243.211612,scan_blocks_output/B6_1001_1300/00135_1271nm.npy
1273,628.248550,628,243.284249,scan_blocks_output/B6_1001_1300/00136_1273nm.npy
1275,628.462449,628,243.498148,scan_blocks_output/B6_1001_1300/00137_1275nm.npy
1277,628.540419,628,243.576118,scan_blocks_output/B6_1001_1300/00138_1277nm.npy
1279,628.610448,628,243.646147,scan_blocks_output/B6_1001_1300/00139_1279nm.npy
1281,628.689951,628,243.725650,scan_blocks_output/B6_1001_1300/00140_1281nm.npy
1283,628.771680,628,243.807379,scan_blocks_output/B6_1001_1300/00141_1283nm.npy
1285,628.986760,628,244.022459,scan_blocks_output/B6_1001_1300/00142_1285nm.npy
1287,629.065233,628,244.100932,scan_blocks_output/B6_1001_1300/00143_1287nm.npy
1289,629.130853,629,244.166552,scan_blocks_output/B6_1001_1300/00144_1289nm.npy
1291,629.209167,629,244.244866,scan_blocks_output/B6_1001_1300/00145_1291nm.npy
1293,629.295559,629,244.331258,scan_blocks_output/B6_1001_1300/00146_1293nm.npy
1295,629.495506,629,244.531205,scan_blocks_output/B6_1001_1300/00147_1295nm.npy
1297,629.579023,629,244.614722,scan_blocks_output/B6_1001_1300/00148_1297nm.npy
1299,629.665526,629,244.701225,scan_blocks_output/B6_1001_1300/00149_1299nm.npy
1301,629.758022,629,244.793721,scan_blocks_output/B7_1301_1700/00000_1301nm.npy
1303,629.926165,629,244.961864,scan_blocks_output/B7_1301_1700/00001_1303nm.npy
1305,629.784323,630,244.820022,scan_blocks_output/B7_1301_1700/00002_1305nm.npy
1307,629.837201,630,244.872900,scan_blocks_output/B7_1301_1700/00003_1307nm.npy
1309,629.891499,630,244.927198,scan_blocks_output/B7_1301_1700/00004_1309nm.npy
1311,630.239360,630,245.275059,scan_blocks_output/B7_1301_1700/00005_1311nm.npy
1313,630.312656,630,245.348354,scan_blocks_output/B7_1301_1700/00006_1313nm.npy
1315,630.384190,630,245.419889,scan_blocks_output/B7_1301_1700/00007_1315nm.npy
1317,630.447329,630,245.483027,scan_blocks_output/B7_1301_1700/00008_1317nm.npy
1319,630.528245,630,245.563944,scan_blocks_output/B7_1301_1700/00009_1319nm.npy
1321,630.591599,630,245.627298,scan_blocks_output/B7_1301_1700/00010_1321nm.npy
1323,630.656375,630,245.692074,scan_blocks_output/B7_1301_1700/00011_1323nm.npy
1325,630.725463,630,245.761162,scan_blocks_output/B7_1301_1700/00012_1325nm.npy
1327,630.778566,630,245.814265,scan_blocks_output/B7_1301_1700/00013_1327nm.npy
1329,630.834495,630,245.870194,scan_blocks_output/B7_1301_1700/00014_1329nm.npy
1331,631.035129,630,246.070828,scan_blocks_output/B7_1301_1700/00015_1331nm.npy
1333,631.103504,630,246.139203,scan_blocks_output/B7_1301_1700/00016_1333nm.npy
1335,631.165104,630,246.200803,scan_blocks_output/B7_1301_1700/00017_1335nm.npy
1337,631.225186,630,246.260884,scan_blocks_output/B7_1301_1700/00018_1337nm.npy
1339,631.414955,630,246.450654,scan_blocks_output/B7_1301_1700/00019_1339nm.npy
1341,631.477002,630,246.512701,scan_blocks_output/B7_1301_1700/00020_1341nm.npy
1343,631.547300,630,246.582999,scan_blocks_output/B7_1301_1700/00021_1343nm.npy
1345,631.608243,630,246.643942,scan_blocks_output/B7_1301_1700/00022_1345nm.npy
1347,631.680413,631,246.716112,scan_blocks_output/B7_1301_1700/00023_1347nm.npy
1349,631.734501,631,246.770200,scan_blocks_output/B7_1301_1700/00024_1349nm.npy
1351,631.811585,631,246.847284,scan_blocks_output/B7_1301_1700/00025_1351nm.npy
1353,631.891345,631,246.927044,scan_blocks_output/B7_1301_1700/00026_1353nm.npy
1355,631.946905,631,246.982604,scan_blocks_output/B7_1301_1700/00027_1355nm.npy
1357,632.015199,631,247.050898,scan_blocks_output/B7_1301_1700/00028_1357nm.npy
1359,632.213431,631,247.249129,scan_blocks_output/B7_1301_1700/00029_1359nm.npy
1361,632.402770,631,247.438469,scan_blocks_output/B7_1301_1700/00030_1361nm.npy
1363,632.454071,632,247.489770,scan_blocks_output/B7_1301_1700/00031_1363nm.npy
1365,632.496897,632,247.532596,scan_blocks_output/B7_1301_1700/00032_1365nm.npy
1367,632.590885,632,247.626584,scan_blocks_output/B7_1301_1700/00033_1367nm.npy
1369,632.658539,632,247.694238,scan_blocks_output/B7_1301_1700/00034_1369nm.npy
1371,632.723145,632,247.758844,scan_blocks_output/B7_1301_1700/00035_1371nm.npy
1373,632.796522,632,247.832221,scan_blocks_output/B7_1301_1700/00036_1373nm.npy
1375,632.865612,632,247.901311,scan_blocks_output/B7_1301_1700/00037_1375nm.npy
1377,632.933041,632,247.968740,scan_blocks_output/B7_1301_1700/00038_1377nm.npy
1379,633.000191,633,248.035890,scan_blocks_output/B7_1301_1700/00039_1379nm.npy
1381,633.183530,633,248.219229,scan_blocks_output/B7_1301_1700/00040_1381nm.npy
1383,633.244961,633,248.280660,scan_blocks_output/B7_1301_1700/00041_1383nm.npy
1385,633.328702,633,248.364401,scan_blocks_output/B7_1301_1700/00042_1385nm.npy
1387,633.410278,633,248.445977,scan_blocks_output/B7_1301_1700/00043_1387nm.npy
1389,633.482969,633,248.518668,scan_blocks_output/B7_1301_1700/00044_1389nm.npy
1391,633.695872,633,248.731570,scan_blocks_output/B7_1301_1700/00045_1391nm.npy
1393,633.763754,633,248.799453,scan_blocks_output/B7_1301_1700/00046_1393nm.npy
1395,633.827620,633,248.863319,scan_blocks_output/B7_1301_1700/00047_1395nm.npy
1397,633.892709,633,248.928408,scan_blocks_output/B7_1301_1700/00048_1397nm.npy
1399,633.974839,633,249.010538,scan_blocks_output/B7_1301_1700/00049_1399nm.npy
1401,634.179051,633,249.214749,scan_blocks_output/B7_1301_1700/00050_1401nm.npy
1403,634.255262,633,249.290960,scan_blocks_output/B7_1301_1700/00051_1403nm.npy
1405,634.341562,633,249.377261,scan_blocks_output/B7_1301_1700/00052_1405nm.npy
1407,634.410464,633,249.446163,scan_blocks_output/B7_1301_1700/00053_1407nm.npy
1409,634.446547,633,249.482246,scan_blocks_output/B7_1301_1700/00054_1409nm.npy
1411,634.560618,633,249.596316,scan_blocks_output/B7_1301_1700/00055_1411nm.npy
1413,634.627565,633,249.663264,scan_blocks_output/B7_1301_1700/00056_1413nm.npy
1415,634.700859,633,249.736558,scan_blocks_output/B7_1301_1700/00057_1415nm.npy
1417,634.917452,633,249.953151,scan_blocks_output/B7_1301_1700/00058_1417nm.npy
1419,634.987502,633,250.023201,scan_blocks_output/B7_1301_1700/00059_1419nm.npy
1421,635.183272,633,250.218970,scan_blocks_output/B7_1301_1700/00060_1421nm.npy
1423,635.265321,633,250.301019,scan_blocks_output/B7_1301_1700/00061_1423nm.npy
1425,635.343846,633,250.379545,scan_blocks_output/B7_1301_1700/00062_1425nm.npy
1427,635.408746,633,250.444445,scan_blocks_output/B7_1301_1700/00063_1427nm.npy
1429,635.479652,634,250.515351,scan_blocks_output/B7_1301_1700/00064_1429nm.npy
1431,635.551488,634,250.587187,scan_blocks_output/B7_1301_1700/00065_1431nm.npy
1433,635.626026,634,250.661724,scan_blocks_output/B7_1301_1700/00066_1433nm.npy
1435,635.837854,634,250.873553,scan_blocks_output/B7_1301_1700/00067_1435nm.npy
1437,635.906295,634,250.941994,scan_blocks_output/B7_1301_1700/00068_1437nm.npy
1439,635.966481,635,251.002180,scan_blocks_output/B7_1301_1700/00069_1439nm.npy
1441,636.032612,635,251.068311,scan_blocks_output/B7_1301_1700/00070_1441nm.npy
1443,636.097320,635,251.133019,scan_blocks_output/B7_1301_1700/00071_1443nm.npy
1445,636.163752,635,251.199451,scan_blocks_output/B7_1301_1700/00072_1445nm.npy
1447,636.263963,635,251.299662,scan_blocks_output/B7_1301_1700/00073_1447nm.npy
1449,636.331482,635,251.367181,scan_blocks_output/B7_1301_1700/00074_1449nm.npy
1451,636.398737,635,251.434436,scan_blocks_output/B7_1301_1700/00075_1451nm.npy
1453,636.484846,635,251.520545,scan_blocks_output/B7_1301_1700/00076_1453nm.npy
1455,636.556946,635,251.592645,scan_blocks_output/B7_1301_1700/00077_1455nm.npy
1457,636.885693,635,251.921392,scan_blocks_output/B7_1301_1700/00078_1457nm.npy
1459,636.952945,635,251.988644,scan_blocks_output/B7_1301_1700/00079_1459nm.npy
1461,637.056008,635,252.091707,scan_blocks_output/B7_1301_1700/00080_1461nm.npy
1463,637.135747,635,252.171446,scan_blocks_output/B7_1301_1700/00081_1463nm.npy
1465,637.212193,635,252.247891,scan_blocks_output/B7_1301_1700/00082_1465nm.npy
1467,637.306083,635,252.341782,scan_blocks_output/B7_1301_1700/00083_1467nm.npy
1469,637.388121,635,252.423820,scan_blocks_output/B7_1301_1700/00084_1469nm.npy
1471,637.467421,636,252.503120,scan_blocks_output/B7_1301_1700/00085_1471nm.npy
1473,637.695901,636,252.731600,scan_blocks_output/B7_1301_1700/00086_1473nm.npy
1475,637.777135,636,252.812834,scan_blocks_output/B7_1301_1700/00087_1475nm.npy
1477,637.832614,636,252.868313,scan_blocks_output/B7_1301_1700/00088_1477nm.npy
1479,637.929865,636,252.965564,scan_blocks_output/B7_1301_1700/00089_1479nm.npy
1481,638.004725,636,253.040424,scan_blocks_output/B7_1301_1700/00090_1481nm.npy
1483,638.085172,636,253.120871,scan_blocks_output/B7_1301_1700/00091_1483nm.npy
1485,638.308375,636,253.344074,scan_blocks_output/B7_1301_1700/00092_1485nm.npy
1487,638.390223,636,253.425922,scan_blocks_output/B7_1301_1700/00093_1487nm.npy
1489,638.596932,636,253.632631,scan_blocks_output/B7_1301_1700/00094_1489nm.npy
1491,638.695056,636,253.730755,scan_blocks_output/B7_1301_1700/00095_1491nm.npy
1493,638.781505,636,253.817204,scan_blocks_output/B7_1301_1700/00096_1493nm.npy
1495,638.860478,637,253.896177,scan_blocks_output/B7_1301_1700/00097_1495nm.npy
1497,638.945689,637,253.981388,scan_blocks_output/B7_1301_1700/00098_1497nm.npy
1499,639.042013,636,254.077712,scan_blocks_output/B7_1301_1700/00099_1499nm.npy
1501,639.126172,637,254.161871,scan_blocks_output/B7_1301_1700/00100_1501nm.npy
1503,639.200677,637,254.236376,scan_blocks_output/B7_1301_1700/00101_1503nm.npy
1505,639.434076,637,254.469775,scan_blocks_output/B7_1301_1700/00102_1505nm.npy
1507,639.644582,637,254.680281,scan_blocks_output/B7_1301_1700/00103_1507nm.npy
1509,639.725479,637,254.761178,scan_blocks_output/B7_1301_1700/00104_1509nm.npy
1511,639.812413,637,254.848112,scan_blocks_output/B7_1301_1700/00105_1511nm.npy
1513,639.885056,637,254.920755,scan_blocks_output/B7_1301_1700/00106_1513nm.npy
1515,639.962467,637,254.998166,scan_blocks_output/B7_1301_1700/00107_1515nm.npy
1517,640.032564,637,255.068263,scan_blocks_output/B7_1301_1700/00108_1517nm.npy
1519,640.131931,637,255.167629,scan_blocks_output/B7_1301_1700/00109_1519nm.npy
1521,640.204397,637,255.240096,scan_blocks_output/B7_1301_1700/00110_1521nm.npy
1523,640.434319,637,255.470017,scan_blocks_output/B7_1301_1700/00111_1523nm.npy
1525,640.534924,637,255.570623,scan_blocks_output/B7_1301_1700/00112_1525nm.npy
1527,640.599905,637,255.635603,scan_blocks_output/B7_1301_1700/00113_1527nm.npy
1529,640.703422,637,255.739121,scan_blocks_output/B7_1301_1700/00114_1529nm.npy
1531,640.934768,638,255.970467,scan_blocks_output/B7_1301_1700/00115_1531nm.npy
1533,641.026561,638,256.062260,scan_blocks_output/B7_1301_1700/00116_1533nm.npy
1535,641.252199,638,256.287898,scan_blocks_output/B7_1301_1700/00117_1535nm.npy
1537,641.344998,638,256.380697,scan_blocks_output/B7_1301_1700/00118_1537nm.npy
1539,641.440412,638,256.476110,scan_blocks_output/B7_1301_1700/00119_1539nm.npy
1541,641.524935,638,256.560634,scan_blocks_output/B7_1301_1700/00120_1541nm.npy
1543,641.626864,638,256.662562,scan_blocks_output/B7_1301_1700/00121_1543nm.npy
1545,641.846135,638,256.881834,scan_blocks_output/B7_1301_1700/00122_1545nm.npy
1547,641.938021,638,256.973720,scan_blocks_output/B7_1301_1700/00123_1547nm.npy
1549,642.041243,638,257.076942,scan_blocks_output/B7_1301_1700/00124_1549nm.npy
1551,642.135140,638,257.170839,scan_blocks_output/B7_1301_1700/00125_1551nm.npy
1553,642.226207,639,257.261906,scan_blocks_output/B7_1301_1700/00126_1553nm.npy
1555,642.461884,639,257.497583,scan_blocks_output/B7_1301_1700/00127_1555nm.npy
1557,642.565219,639,257.600917,scan_blocks_output/B7_1301_1700/00128_1557nm.npy
1559,642.651670,639,257.687369,scan_blocks_output/B7_1301_1700/00129_1559nm.npy
1561,642.743133,639,257.778832,scan_blocks_output/B7_1301_1700/00130_1561nm.npy
1563,642.842196,639,257.877895,scan_blocks_output/B7_1301_1700/00131_1563nm.npy
1565,642.943089,639,257.978788,scan_blocks_output/B7_1301_1700/00132_1565nm.npy
1567,643.295147,639,258.330846,scan_blocks_output/B7_1301_1700/00133_1567nm.npy
1569,643.405695,639,258.441393,scan_blocks_output/B7_1301_1700/00134_1569nm.npy
1571,643.491010,639,258.526709,scan_blocks_output/B7_1301_1700/00135_1571nm.npy
1573,643.591351,639,258.627049,scan_blocks_output/B7_1301_1700/00136_1573nm.npy
1575,643.682807,640,258.718506,scan_blocks_output/B7_1301_1700/00137_1575nm.npy
1577,643.923447,640,258.959145,scan_blocks_output/B7_1301_1700/00138_1577nm.npy
1579,644.008574,640,259.044273,scan_blocks_output/B7_1301_1700/00139_1579nm.npy
1581,644.091822,640,259.127521,scan_blocks_output/B7_1301_1700/00140_1581nm.npy
1583,644.194877,641,259.230576,scan_blocks_output/B7_1301_1700/00141_1583nm.npy
1585,644.274864,641,259.310563,scan_blocks_output/B7_1301_1700/00142_1585nm.npy
1587,644.546136,641,259.581835,scan_blocks_output/B7_1301_1700/00143_1587nm.npy
1589,644.629682,641,259.665381,scan_blocks_output/B7_1301_1700/00144_1589nm.npy
1591,644.739107,641,259.774806,scan_blocks_output/B7_1301_1700/00145_1591nm.npy
1593,644.810880,641,259.846579,scan_blocks_output/B7_1301_1700/00146_1593nm.npy
1595,645.033159,641,260.068858,scan_blocks_output/B7_1301_1700/00147_1595nm.npy
1597,645.290228,641,260.325927,scan_blocks_output/B7_1301_1700/00148_1597nm.npy
1599,645.375625,641,260.411324,scan_blocks_output/B7_1301_1700/00149_1599nm.npy
1601,645.457546,641,260.493245,scan_blocks_output/B7_1301_1700/00150_1601nm.npy
1603,645.532856,641,260.568555,scan_blocks_output/B7_1301_1700/00151_1603nm.npy
1605,645.773603,641,260.809302,scan_blocks_output/B7_1301_1700/00152_1605nm.npy
1607,645.856484,641,260.892183,scan_blocks_output/B7_1301_1700/00153_1607nm.npy
1609,645.944217,642,260.979916,scan_blocks_output/B7_1301_1700/00154_1609nm.npy
1611,646.061516,642,261.097215,scan_blocks_output/B7_1301_1700/00155_1611nm.npy
1613,646.281899,643,261.317598,scan_blocks_output/B7_1301_1700/00156_1613nm.npy
1615,646.372354,643,261.408053,scan_blocks_output/B7_1301_1700/00157_1615nm.npy
1617,646.464440,643,261.500139,scan_blocks_output/B7_1301_1700/00158_1617nm.npy
1619,646.681426,643,261.717125,scan_blocks_output/B7_1301_1700/00159_1619nm.npy
1621,646.771803,643,261.807502,scan_blocks_output/B7_1301_1700/00160_1621nm.npy
1623,647.003133,643,262.038832,scan_blocks_output/B7_1301_1700/00161_1623nm.npy
1625,647.092655,643,262.128354,scan_blocks_output/B7_1301_1700/00162_1625nm.npy
1627,647.187840,643,262.223539,scan_blocks_output/B7_1301_1700/00163_1627nm.npy
1629,647.437476,643,262.473175,scan_blocks_output/B7_1301_1700/00164_1629nm.npy
1631,647.530264,643,262.565963,scan_blocks_output/B7_1301_1700/00165_1631nm.npy
1633,647.613156,643,262.648855,scan_blocks_output/B7_1301_1700/00166_1633nm.npy
1635,647.700072,643,262.735771,scan_blocks_output/B7_1301_1700/00167_1635nm.npy
1637,647.904587,643,262.940286,scan_blocks_output/B7_1301_1700/00168_1637nm.npy
1639,648.013197,643,263.048896,scan_blocks_output/B7_1301_1700/00169_1639nm.npy
1641,648.118247,643,263.153946,scan_blocks_output/B7_1301_1700/00170_1641nm.npy
1643,648.238474,644,263.274173,scan_blocks_output/B7_1301_1700/00171_1643nm.npy
1645,648.478577,644,263.514276,scan_blocks_output/B7_1301_1700/00172_1645nm.npy
1647,648.573074,644,263.608773,scan_blocks_output/B7_1301_1700/00173_1647nm.npy
1649,648.688231,645,263.723930,scan_blocks_output/B7_1301_1700/00174_1649nm.npy
1651,648.792716,645,263.828415,scan_blocks_output/B7_1301_1700/00175_1651nm.npy
1653,649.034885,645,264.070584,scan_blocks_output/B7_1301_1700/00176_1653nm.npy
1655,649.118469,646,264.154168,scan_blocks_output/B7_1301_1700/00177_1655nm.npy
1657,649.236432,646,264.272130,scan_blocks_output/B7_1301_1700/00178_1657nm.npy
1659,649.330816,646,264.366515,scan_blocks_output/B7_1301_1700/00179_1659nm.npy
1661,649.560165,646,264.595864,scan_blocks_output/B7_1301_1700/00180_1661nm.npy
1663,649.676522,647,264.712221,scan_blocks_output/B7_1301_1700/00181_1663nm.npy
1665,649.776118,647,264.811817,scan_blocks_output/B7_1301_1700/00182_1665nm.npy
1667,650.030398,647,265.066097,scan_blocks_output/B7_1301_1700/00183_1667nm.npy
1669,650.128733,648,265.164432,scan_blocks_output/B7_1301_1700/00184_1669nm.npy
1671,650.234332,648,265.270030,scan_blocks_output/B7_1301_1700/00185_1671nm.npy
1673,650.342047,649,265.377746,scan_blocks_output/B7_1301_1700/00186_1673nm.npy
1675,650.602395,649,265.638093,scan_blocks_output/B7_1301_1700/00187_1675nm.npy
1677,650.721871,649,265.757570,scan_blocks_output/B7_1301_1700/00188_1677nm.npy
1679,650.841096,650,265.876795,scan_blocks_output/B7_1301_1700/00189_1679nm.npy
1681,651.105033,650,266.140732,scan_blocks_output/B7_1301_1700/00190_1681nm.npy
1683,651.204789,651,266.240488,scan_blocks_output/B7_1301_1700/00191_1683nm.npy
1685,651.310596,652,266.346295,scan_blocks_output/B7_1301_1700/00192_1685nm.npy
1687,651.429564,652,266.465263,scan_blocks_output/B7_1301_1700/00193_1687nm.npy
1689,651.674715,652,266.710414,scan_blocks_output/B7_1301_1700/00194_1689nm.npy
1691,651.774269,653,266.809968,scan_blocks_output/B7_1301_1700/00195_1691nm.npy
1693,651.869147,653,266.904846,scan_blocks_output/B7_1301_1700/00196_1693nm.npy
1695,652.121977,653,267.157676,scan_blocks_output/B7_1301_1700/00197_1695nm.npy
1697,652.202881,653,267.238580,scan_blocks_output/B7_1301_1700/00198_1697nm.npy
1699,652.301611,653,267.337310,scan_blocks_output/B7_1301_1700/00199_1699nm.npy
